BookID,BookType,FromDate,ToDate,BStatus,ActualReturn_Date,EstPrice,PickUpLoc_ID,DropOffLoc_ID,CustID,CarRegNumber,Dis_Code,Ins_ID
B0012,Hourly,2023-03-12,2022-04-07,Booked,2022-05-16,28,67,32,585,NXW774,SPG15,12
B0013,Daily,2023-02-06,2022-06-12,Booked,2022-06-17,172,141,28,551,QBK947,BDLE1,7
B0014,Hourly,2022-12-08,2022-04-20,Booked,2022-06-07,147,37,160,964,HYI231,SAV30,8
B0015,Hourly,2022-08-17,2022-05-21,Pending,2022-04-03,305,25,65,671,LBZ156,BGDL3,4
B0016,Hourly,2022-05-27,2022-04-16,Pending,2022-05-01,587,106,119,429,TPU384,MEG15,18
B0017,Daily,2022-10-29,2022-06-07,Pending,2022-06-24,280,161,39,988,DFU652,CLREN,29
B0018,Hourly,2023-01-23,2022-06-30,Pending,2022-05-28,520,100,107,561,GVB365,HOLI5,3
B0019,Daily,2022-05-26,2022-06-02,Failed,2022-04-15,571,122,163,542,PIM968,DISC5,10
B0020,Daily,2022-06-19,2022-04-25,Booked,2022-06-12,434,18,165,747,NWP420,CLREN,2
B0021,Hourly,2022-11-05,2022-05-12,Booked,2022-04-19,603,128,108,725,ZJM142,HOLI5,12
B0022,Hourly,2022-10-30,2022-04-02,Pending,2022-05-08,547,158,117,523,TJS209,SUMM1,18
B0023,Hourly,2022-09-09,2022-04-20,Failed,2022-04-08,578,145,33,779,GVB365,WELC5,12
B0024,Daily,2022-10-14,2022-04-11,Booked,2022-04-06,549,125,63,154,UYH459,SPG15,28
B0025,Hourly,2022-11-09,2022-06-26,Booked,2022-06-09,590,78,118,222,OAC224,BDAY5,15
B0026,Hourly,2023-01-07,2022-04-21,Pending,2022-04-02,268,49,103,908,XGS868,CLREN,12
B0027,Hourly,2023-03-17,2022-05-11,Booked,2022-04-09,562,22,160,680,GXM423,FALL2,5
B0028,Daily,2022-06-22,2022-04-23,Failed,2022-04-15,160,8,11,455,ZMN380,WELC5,21
B0029,Daily,2022-11-26,2022-06-06,Failed,2022-06-13,413,141,83,231,IAO713,CLREN,3
B0030,Hourly,2022-12-16,2022-06-04,Failed,2022-06-07,620,56,44,371,GHD112,LONG1,14
B0031,Hourly,2023-02-11,2022-06-01,Pending,2022-05-24,279,169,161,1013,BTK815,BGDL3,16
B0032,Hourly,2022-05-27,2022-06-07,Pending,2022-04-12,593,95,165,306,HLN542,NEWCU5,15
B0033,Daily,2023-01-10,2022-06-15,Failed,2022-05-06,233,13,74,198,UJP407,SPG15,17
B0034,Hourly,2023-02-11,2022-05-07,Booked,2022-05-10,66,87,1,594,KDC330,CLREN,20
B0035,Hourly,2023-02-10,2022-05-29,Failed,2022-04-08,36,6,5,627,LIT644,SPG15,29
B0036,Hourly,2023-02-01,2022-06-19,Failed,2022-04-25,622,128,154,433,YUD309,DISC5,15
B0037,Daily,2022-05-24,2022-06-19,Failed,2022-05-21,339,60,122,444,GIH818,BGDL3,17
B0038,Hourly,2023-02-04,2022-05-02,Booked,2022-04-27,299,158,35,250,OPD913,LONG1,6
B0039,Hourly,2022-11-01,2022-05-23,Failed,2022-05-08,166,104,79,478,DNV803,FALL2,17
B0040,Daily,2022-12-07,2022-05-27,Failed,2022-05-06,372,95,163,353,TVG307,FALL2,8
B0041,Hourly,2022-12-02,2022-04-30,Pending,2022-05-14,42,71,84,974,NWP420,LONG1,10
B0042,Daily,2022-05-08,2022-05-01,Booked,2022-05-14,691,50,82,548,BDI534,BDAY5,14
B0043,Daily,2023-03-28,2022-04-09,Pending,2022-05-19,163,37,43,649,TZC576,BDAY5,3
B0044,Hourly,2022-08-09,2022-05-03,Failed,2022-04-24,115,55,53,799,UQG364,LONG1,8
B0045,Daily,2022-06-07,2022-06-20,Pending,2022-05-22,241,97,138,774,XLF831,HOLI5,22
B0046,Daily,2023-01-20,2022-06-09,Pending,2022-05-30,538,1,99,553,ZZG439,LYAL1,12
B0047,Daily,2022-04-07,2022-04-12,Failed,2022-05-09,671,11,51,406,NUW924,CLREN,18
B0048,Hourly,2022-05-24,2022-04-04,Pending,2022-04-06,433,72,13,78,TJS209,SPG15,14
B0049,Hourly,2022-12-28,2022-05-21,Booked,2022-05-09,55,21,104,612,LRW561,BGDL3,10
B0050,Hourly,2022-08-03,2022-04-10,Booked,2022-05-31,686,117,141,883,TRY861,FALL2,5
B0051,Daily,2022-12-03,2022-06-09,Booked,2022-04-20,199,112,139,790,DFU652,HOLI5,2
B0052,Hourly,2022-08-24,2022-06-24,Booked,2022-05-24,330,110,159,669,NXW774,NEWCU5,16
B0053,Hourly,2022-10-19,2022-05-13,Booked,2022-05-08,254,94,101,437,QNL780,SPG15,24
B0054,Hourly,2022-10-03,2022-05-16,Booked,2022-05-25,81,102,22,254,KNP415,WELC5,21
B0055,Daily,2022-06-29,2022-06-20,Booked,2022-06-26,278,28,107,751,OAM406,BDLE1,12
B0056,Hourly,2023-02-21,2022-06-10,Booked,2022-05-17,209,25,81,466,OPD913,DISC5,14
B0057,Hourly,2023-01-10,2022-06-24,Pending,2022-05-08,552,149,121,549,PUC722,SUMM1,20
B0058,Daily,2022-09-23,2022-06-15,Booked,2022-05-14,226,112,151,349,KCE336,SAV30,16
B0059,Daily,2022-06-20,2022-07-01,Pending,2022-04-09,240,17,150,416,RGW409,BDAY5,26
B0060,Daily,2022-10-26,2022-05-21,Booked,2022-05-04,369,156,29,489,PTM160,SUMM1,3
B0061,Hourly,2022-07-13,2022-04-19,Pending,2022-04-14,68,135,130,619,UJP407,BGDL3,11
B0062,Daily,2023-01-04,2022-05-20,Pending,2022-05-01,219,75,105,849,XNU375,SUMM1,1
B0063,Daily,2022-10-07,2022-04-08,Failed,2022-06-14,432,2,29,301,ZRQ594,HOLI5,4
B0064,Daily,2022-08-16,2022-05-26,Pending,2022-04-18,444,114,67,81,OIC535,MEG15,29
B0065,Hourly,2022-12-17,2022-06-20,Booked,2022-05-28,354,58,39,286,RIW951,LYAL1,21
B0066,Hourly,2022-05-15,2022-05-03,Failed,2022-06-24,209,29,42,349,RIW951,SPG15,21
B0067,Hourly,2022-11-03,2022-06-12,Booked,2022-06-06,331,88,27,958,DEY262,LYAL1,23
B0068,Hourly,2022-05-16,2022-06-29,Failed,2022-06-29,174,117,69,69,NXW774,WELC5,9
B0069,Daily,2022-11-22,2022-06-13,Booked,2022-04-17,38,90,136,860,HRD204,LONG1,18
B0070,Daily,2022-09-18,2022-05-30,Booked,2022-06-10,448,106,70,493,TPU384,LYAL1,2
B0071,Hourly,2023-02-05,2022-04-10,Pending,2022-05-08,295,125,171,166,BTK815,SAV30,17
B0072,Hourly,2022-11-06,2022-06-15,Failed,2022-04-21,386,169,69,922,QNL780,BGDL3,17
B0073,Hourly,2022-08-24,2022-04-27,Pending,2022-04-13,52,28,31,505,KDC330,DISC5,1
B0074,Daily,2023-03-30,2022-04-24,Booked,2022-05-10,629,141,18,230,UJP407,SAV30,29
B0075,Daily,2023-02-06,2022-06-14,Pending,2022-05-20,616,129,69,892,PUC722,LONG1,21
B0076,Hourly,2023-02-17,2022-04-15,Failed,2022-06-09,648,23,150,628,MLK542,HOLI5,27
B0077,Hourly,2022-06-20,2022-05-23,Pending,2022-05-14,583,151,20,409,BTK815,SUMM1,9
B0078,Daily,2022-09-05,2022-05-30,Pending,2022-06-24,600,139,72,961,JJY573,DISC5,15
B0079,Hourly,2022-12-10,2022-06-04,Pending,2022-04-30,444,119,152,190,ZZG439,DISC5,3
B0080,Hourly,2022-07-31,2022-04-10,Booked,2022-05-21,432,44,143,562,TQT781,HOLI5,12
B0081,Daily,2022-10-23,2022-06-17,Pending,2022-05-07,34,97,36,146,ZMN380,SUMM1,8
B0082,Hourly,2022-12-29,2022-06-23,Booked,2022-04-30,114,55,104,987,PUC722,BGDL3,14
B0083,Hourly,2022-08-28,2022-06-10,Pending,2022-06-20,270,149,41,795,QPH261,CLREN,2
B0084,Hourly,2022-10-06,2022-04-04,Pending,2022-06-20,656,12,49,958,HJL508,SAV30,23
B0085,Daily,2022-10-21,2022-04-05,Failed,2022-04-24,373,105,7,604,XGS868,FALL2,14
B0086,Hourly,2022-06-15,2022-06-06,Booked,2022-05-19,621,11,111,38,LIT644,LONG1,6
B0087,Hourly,2023-03-15,2022-06-13,Failed,2022-05-03,603,37,138,805,SEH820,HOLI5,2
B0088,Daily,2022-04-20,2022-04-19,Booked,2022-06-11,584,98,96,369,IDR318,SPG15,27
B0089,Hourly,2023-01-11,2022-04-05,Booked,2022-04-28,639,94,94,528,UYH459,SPG15,20
B0090,Daily,2023-02-18,2022-04-28,Failed,2022-05-24,636,76,38,31,HYI231,BDLE1,15
B0091,Hourly,2022-11-24,2022-05-20,Booked,2022-06-19,685,134,3,140,ZRQ594,SAV30,9
B0092,Hourly,2022-08-26,2022-04-06,Pending,2022-06-10,163,148,71,271,HYI231,SPG15,18
B0093,Daily,2022-10-06,2022-06-22,Booked,2022-05-15,448,129,19,295,LIT644,LYAL1,13
B0094,Hourly,2023-01-07,2022-05-07,Failed,2022-06-01,253,17,49,331,QUL270,LYAL1,9
B0095,Hourly,2023-03-02,2022-07-01,Failed,2022-05-03,198,35,79,634,DNV803,MEG15,16
B0096,Daily,2022-09-22,2022-05-29,Pending,2022-05-04,240,127,116,874,DFU652,LONG1,28
B0097,Daily,2022-05-21,2022-05-13,Pending,2022-06-02,336,127,21,193,OAC224,BDAY5,6
B0098,Daily,2023-02-12,2022-06-19,Failed,2022-04-08,321,46,98,551,XEP774,LONG1,5
B0099,Hourly,2022-09-25,2022-06-29,Failed,2022-04-12,97,113,169,408,KDC330,BDLE1,21
B0100,Hourly,2022-10-05,2022-05-04,Failed,2022-05-25,231,54,169,682,OPD913,SAV30,22
B0101,Daily,2023-03-28,2022-06-18,Booked,2022-06-14,374,24,92,936,JJY573,CLREN,1
B0102,Daily,2023-01-04,2022-04-21,Booked,2022-05-29,79,91,167,987,PTM160,LYAL1,28
B0103,Daily,2022-05-28,2022-06-27,Pending,2022-06-12,170,104,77,422,IWF141,FALL2,13
B0104,Hourly,2022-12-22,2022-04-11,Failed,2022-06-02,260,2,127,863,OBC497,BDLE1,25
B0105,Daily,2022-06-16,2022-06-26,Failed,2022-04-10,542,155,97,609,LBZ156,BGDL3,20
B0106,Daily,2022-10-03,2022-05-17,Pending,2022-04-30,515,12,119,413,XNU375,SPG15,16
B0107,Daily,2022-05-19,2022-04-11,Booked,2022-06-17,219,124,102,106,RBO233,MEG15,20
B0108,Hourly,2022-09-28,2022-06-14,Booked,2022-04-07,463,114,87,985,HJL508,HOLI5,18
B0109,Daily,2022-04-19,2022-05-27,Failed,2022-06-19,149,122,96,282,BTK815,BGDL3,5
B0110,Hourly,2022-06-25,2022-06-07,Booked,2022-04-21,175,149,165,366,KTJ572,SPG15,12
B0111,Hourly,2022-05-02,2022-04-14,Pending,2022-05-14,173,140,113,21,ZMN380,NEWCU5,16
B0112,Hourly,2022-09-23,2022-04-11,Failed,2022-04-24,252,45,113,794,JEV702,SPG15,20
B0113,Daily,2023-02-26,2022-04-08,Booked,2022-04-23,160,170,21,658,AXC586,LONG1,15
B0114,Hourly,2022-12-24,2022-05-12,Booked,2022-05-27,353,69,46,686,LAO563,MEG15,15
B0115,Daily,2022-10-04,2022-06-08,Pending,2022-04-14,598,13,85,123,UJP407,NEWCU5,7
B0116,Hourly,2022-09-26,2022-05-10,Failed,2022-04-13,286,59,41,594,AEI379,MEG15,3
B0117,Hourly,2022-04-20,2022-06-21,Pending,2022-04-17,337,161,118,866,DNV803,WELC5,19
B0118,Daily,2023-01-31,2022-04-02,Pending,2022-05-20,661,162,7,546,GIH818,NEWCU5,3
B0119,Hourly,2022-06-18,2022-05-21,Pending,2022-04-18,653,167,100,407,OIC535,SPG15,12
B0120,Hourly,2022-07-08,2022-06-23,Pending,2022-04-06,34,72,47,928,QPH261,CLREN,13
B0121,Hourly,2022-07-14,2022-06-25,Pending,2022-05-14,424,139,166,906,QUL270,SUMM1,1
B0122,Daily,2022-11-12,2022-06-23,Pending,2022-05-30,676,93,69,656,YUD309,MEG15,21
B0123,Daily,2022-11-20,2022-06-08,Booked,2022-06-07,250,22,46,511,OKY186,CLREN,28
B0124,Daily,2022-04-30,2022-06-30,Booked,2022-06-04,446,24,139,946,GXM423,DISC5,3
B0125,Hourly,2022-10-22,2022-06-04,Pending,2022-06-02,154,64,97,294,BAX184,BGDL3,19
B0126,Hourly,2022-07-28,2022-05-16,Pending,2022-04-27,328,94,96,227,GXM423,SUMM1,2
B0127,Daily,2023-01-26,2022-05-11,Booked,2022-04-29,242,172,77,6,PTM160,MEG15,7
B0128,Hourly,2023-03-07,2022-05-06,Failed,2022-06-20,644,114,47,295,ZJM142,BDLE1,28
B0129,Daily,2022-06-14,2022-06-24,Pending,2022-04-08,654,51,90,824,OFX221,LYAL1,3
B0130,Hourly,2023-01-21,2022-06-18,Pending,2022-06-30,186,122,149,324,IDR318,WELC5,29
B0131,Hourly,2022-11-07,2022-05-21,Booked,2022-05-23,424,98,94,272,PUC722,NEWCU5,18
B0132,Daily,2023-03-17,2022-05-11,Failed,2022-05-31,31,141,137,343,QBK659,SPG15,12
B0133,Daily,2022-04-10,2022-04-15,Failed,2022-06-10,196,106,110,958,LIT644,WELC5,27
B0134,Daily,2022-07-24,2022-05-05,Pending,2022-06-18,697,136,33,642,MWE134,DISC5,3
B0135,Daily,2022-08-19,2022-06-07,Booked,2022-06-20,445,149,138,78,OFS322,WELC5,14
B0136,Hourly,2022-04-17,2022-05-22,Failed,2022-05-16,241,153,107,974,QNL780,BGDL3,22
B0137,Daily,2023-02-17,2022-04-29,Pending,2022-06-19,458,159,51,644,XGS868,BDAY5,16
B0138,Daily,2022-07-29,2022-06-19,Pending,2022-04-29,209,124,77,688,NES222,DISC5,4
B0139,Daily,2022-11-23,2022-05-15,Pending,2022-05-07,507,153,147,1023,QUL270,DISC5,6
B0140,Hourly,2022-08-19,2022-04-11,Failed,2022-05-21,233,87,6,61,GVB365,BGDL3,12
B0141,Daily,2023-03-14,2022-06-01,Failed,2022-04-17,116,40,78,966,UQG364,FALL2,25
B0142,Hourly,2023-02-06,2022-06-13,Failed,2022-04-29,114,16,4,812,KDC330,BGDL3,28
B0143,Hourly,2023-03-29,2022-04-26,Pending,2022-07-01,432,102,38,862,BAX184,FALL2,21
B0144,Hourly,2022-07-19,2022-06-01,Booked,2022-04-15,393,42,80,99,SEH820,LONG1,15
B0145,Daily,2022-07-20,2022-04-09,Failed,2022-06-22,204,99,95,536,OKJ692,LONG1,9
B0146,Daily,2023-03-29,2022-05-23,Pending,2022-05-01,522,32,167,161,QUL270,MEG15,23
B0147,Hourly,2022-06-09,2022-05-05,Booked,2022-04-04,515,75,47,96,PRK361,SAV30,4
B0148,Daily,2023-01-27,2022-06-26,Booked,2022-06-16,204,170,1,177,AEI379,MEG15,12
B0149,Hourly,2022-10-07,2022-06-07,Booked,2022-04-13,152,26,13,582,KTJ572,LYAL1,10
B0150,Hourly,2022-11-03,2022-06-10,Booked,2022-04-11,140,89,118,497,RIW951,MEG15,15
B0151,Hourly,2022-10-23,2022-05-23,Pending,2022-04-03,510,21,84,698,PTM160,BGDL3,16
B0152,Daily,2022-11-23,2022-05-21,Pending,2022-05-14,416,3,39,956,KNP415,SUMM1,21
B0153,Daily,2022-04-22,2022-04-23,Booked,2022-04-13,369,159,121,166,TRY861,NEWCU5,3
B0154,Daily,2022-09-07,2022-04-09,Booked,2022-05-23,685,106,109,762,WCM697,SPG15,19
B0155,Daily,2023-02-11,2022-05-13,Failed,2022-04-13,48,17,20,330,KNP415,SUMM1,11
B0156,Hourly,2023-02-19,2022-05-01,Booked,2022-06-12,256,39,85,1013,BDI534,DISC5,15
B0157,Daily,2022-07-17,2022-05-04,Pending,2022-04-29,580,70,138,726,NES222,LYAL1,13
B0158,Hourly,2022-07-23,2022-06-17,Pending,2022-05-23,570,107,95,25,QVL209,BGDL3,18
B0159,Hourly,2023-03-16,2022-04-10,Pending,2022-05-29,400,17,140,577,QUL270,CLREN,3
B0160,Hourly,2022-06-13,2022-06-16,Pending,2022-04-15,184,99,68,439,OFS322,DISC5,9
B0161,Hourly,2023-03-26,2022-04-11,Failed,2022-05-14,59,75,88,716,OKY186,WELC5,24
B0162,Hourly,2022-08-22,2022-04-02,Pending,2022-04-05,145,151,6,940,RIW951,HOLI5,13
B0163,Hourly,2022-09-29,2022-05-25,Booked,2022-04-20,488,103,76,922,KBX572,SAV30,19
B0164,Hourly,2022-09-22,2022-06-27,Pending,2022-05-31,259,34,114,889,NWP420,SUMM1,21
B0165,Daily,2022-07-07,2022-05-26,Booked,2022-06-18,393,131,125,803,TJS209,LYAL1,3
B0166,Daily,2022-09-20,2022-04-21,Booked,2022-05-10,523,31,99,397,TJS209,LYAL1,23
B0167,Hourly,2022-12-18,2022-05-09,Failed,2022-05-16,403,132,134,61,UQG364,HOLI5,24
B0168,Daily,2022-04-17,2022-04-11,Pending,2022-06-01,609,85,106,285,NWP420,SAV30,26
B0169,Daily,2022-08-20,2022-05-28,Failed,2022-05-04,494,172,98,912,OKJ692,CLREN,14
B0170,Hourly,2022-10-28,2022-04-27,Booked,2022-05-17,483,75,39,565,TZC576,CLREN,4
B0171,Daily,2023-01-30,2022-04-28,Pending,2022-05-02,230,136,39,175,RIW951,SAV30,8
B0172,Hourly,2022-04-28,2022-06-08,Failed,2022-04-26,200,167,104,624,DNB147,NEWCU5,2
B0173,Hourly,2023-02-13,2022-06-01,Booked,2022-05-07,673,116,91,268,LBZ156,BGDL3,29
B0174,Daily,2022-06-07,2022-05-11,Booked,2022-05-06,59,128,135,180,VLQ334,HOLI5,21
B0175,Daily,2022-05-17,2022-06-21,Failed,2022-06-19,506,124,18,452,IAO713,BDAY5,21
B0176,Daily,2022-09-17,2022-05-15,Failed,2022-06-09,544,55,49,506,PVG685,BDLE1,2
B0177,Daily,2022-11-07,2022-06-26,Booked,2022-05-16,595,32,2,1001,MLK542,FALL2,5
B0178,Hourly,2022-12-31,2022-04-12,Booked,2022-05-31,59,35,2,147,AEI379,BDLE1,17
B0179,Hourly,2022-07-17,2022-05-16,Booked,2022-05-26,689,46,55,636,UYH459,MEG15,23
B0180,Hourly,2022-12-06,2022-05-05,Pending,2022-05-13,437,40,96,999,HJL508,HOLI5,3
B0181,Hourly,2022-12-28,2022-04-06,Pending,2022-05-09,443,165,78,251,KHQ945,HOLI5,28
B0182,Hourly,2022-11-13,2022-05-21,Pending,2022-04-13,603,148,75,76,BAX184,BDAY5,1
B0183,Hourly,2022-05-03,2022-04-02,Failed,2022-04-13,575,111,140,655,IAO713,BGDL3,21
B0184,Hourly,2022-12-11,2022-06-30,Pending,2022-06-12,414,136,171,595,HYI231,WELC5,5
B0185,Hourly,2023-02-13,2022-06-02,Booked,2022-06-04,173,49,150,811,JEV702,SPG15,17
B0186,Hourly,2022-12-21,2022-04-10,Pending,2022-04-14,155,47,147,674,OFX221,NEWCU5,15
B0187,Daily,2022-05-21,2022-06-28,Failed,2022-06-01,393,48,120,222,OBC497,FALL2,10
B0188,Daily,2022-06-20,2022-06-03,Booked,2022-06-11,423,79,13,539,YUD309,,13
B0189,Hourly,2022-11-02,2022-06-16,Pending,2022-04-12,442,119,84,761,RGW409,,16
B0190,Hourly,2022-09-16,2022-07-01,Pending,2022-06-22,230,107,70,442,UJP407,,11
B0191,Daily,2022-08-14,2022-04-17,Booked,2022-06-26,164,150,145,706,OIC535,,10
B0192,Daily,2023-01-09,2022-05-19,Failed,2022-05-21,222,77,130,85,QVL209,,1
B0193,Hourly,2022-05-25,2022-05-27,Pending,2022-05-10,177,97,136,188,WXZ118,,15
B0194,Hourly,2022-06-06,2022-07-01,Pending,2022-06-25,207,64,133,679,DNB147,,25
B0195,Hourly,2022-10-02,2022-06-06,Pending,2022-05-21,565,80,47,845,QBM787,,5
B0196,Hourly,2022-08-20,2022-06-08,Failed,2022-04-29,69,73,155,139,ZJM142,,26
B0197,Daily,2022-04-11,2022-06-16,Failed,2022-05-31,653,135,56,207,TPU384,,2
B0198,Hourly,2022-07-22,2022-04-17,Booked,2022-06-20,685,121,112,318,QNL780,,20
B0199,Hourly,2022-12-17,2022-06-26,Failed,2022-05-28,187,77,61,622,IDR318,,22
B0200,Hourly,2022-06-22,2022-05-20,Failed,2022-06-22,72,102,100,949,ZJM142,,3
B0201,Hourly,2022-12-01,2022-04-04,Booked,2022-05-31,525,118,33,783,YUD309,,26
B0202,Hourly,2022-09-23,2022-05-02,Failed,2022-04-27,171,115,149,185,MLK542,,23
B0203,Daily,2022-08-07,2022-06-20,Booked,2022-06-17,388,172,65,757,OIC535,,4
B0204,Daily,2023-03-07,2022-05-04,Booked,2022-04-03,98,110,64,429,QNL780,,5
B0205,Daily,2022-07-05,2022-05-14,Booked,2022-04-05,610,52,48,24,NES222,BDAY5,8
B0206,Daily,2022-09-30,2022-04-28,Pending,2022-04-22,421,61,60,645,QUL270,HOLI5,16
B0207,Hourly,2023-03-10,2022-04-02,Failed,2022-06-20,50,4,102,661,MLK542,FALL2,7
B0208,Daily,2022-11-14,2022-05-13,Pending,2022-06-06,251,157,104,516,KDC330,SPG15,19
B0209,Hourly,2023-01-16,2022-05-31,Booked,2022-04-26,107,130,109,899,ACI468,CLREN,29
B0210,Daily,2023-01-15,2022-06-20,Booked,2022-05-08,508,30,110,583,BAX184,BDAY5,22
B0211,Hourly,2022-05-27,2022-06-07,Booked,2022-05-17,617,90,69,127,BAX184,BDLE1,6
B0212,Daily,2022-07-19,2022-06-13,Booked,2022-04-20,685,85,16,797,OIC535,CLREN,18
B0213,Hourly,2022-11-17,2022-05-16,Booked,2022-06-20,472,57,102,295,ZJM142,SUMM1,22
B0214,Hourly,2023-03-30,2022-04-09,Booked,2022-06-10,67,5,12,948,OPD913,SAV30,10
B0215,Hourly,2022-05-07,2022-04-10,Failed,2022-05-15,184,135,113,194,WCM697,SUMM1,26
B0216,Hourly,2022-06-05,2022-04-21,Booked,2022-04-05,448,144,30,838,TJS209,SUMM1,15
B0217,Hourly,2022-11-23,2022-05-13,Pending,2022-06-17,233,168,115,973,DNV803,WELC5,26
B0218,Hourly,2022-07-17,2022-05-13,Booked,2022-06-05,277,41,84,182,AEI379,BDLE1,15
B0219,Daily,2022-07-14,2022-06-25,Failed,2022-06-24,65,33,6,262,RBN435,WELC5,21
B0220,Hourly,2023-01-19,2022-06-02,Pending,2022-05-03,429,160,39,887,BAX184,LONG1,16
B0221,Daily,2022-06-14,2022-04-07,Booked,2022-06-06,348,39,51,50,PRK361,MEG15,12
B0222,Hourly,2022-05-26,2022-05-17,Failed,2022-05-10,37,155,4,184,OAM406,SPG15,25
B0223,Daily,2022-11-29,2022-06-03,Failed,2022-05-06,433,118,33,762,OKY186,FALL2,13
B0224,Hourly,2023-02-27,2022-04-07,Pending,2022-06-13,623,150,159,206,DFU652,FALL2,13
B0225,Daily,2022-07-08,2022-06-03,Booked,2022-06-01,342,9,116,76,NXW774,WELC5,25
B0226,Daily,2022-11-16,2022-05-07,Booked,2022-05-24,64,43,69,987,RGW409,DISC5,2
B0227,Hourly,2022-12-26,2022-06-22,Booked,2022-05-16,309,10,17,144,NUW924,CLREN,28
B0228,Hourly,2022-11-08,2022-04-13,Failed,2022-05-22,577,14,65,428,DTR384,CLREN,9
B0229,Hourly,2023-01-23,2022-04-11,Failed,2022-05-28,150,103,68,848,ZJM142,BGDL3,10
B0230,Daily,2022-05-25,2022-05-14,Failed,2022-06-07,353,72,14,597,ACI468,LONG1,28
B0231,Hourly,2022-04-18,2022-06-25,Failed,2022-04-27,231,16,108,294,LAO563,DISC5,22
B0232,Daily,2022-11-16,2022-05-11,Booked,2022-05-13,148,164,8,313,ZJM142,BGDL3,11
B0233,Daily,2022-08-04,2022-04-19,Pending,2022-06-11,681,44,82,771,NXW774,LYAL1,29
B0234,Hourly,2022-05-23,2022-06-10,Failed,2022-04-06,102,103,133,201,XFZ323,WELC5,4
B0235,Daily,2023-04-01,2022-06-02,Pending,2022-06-16,637,19,51,133,OPD913,BDAY5,19
B0236,Hourly,2022-08-29,2022-06-05,Failed,2022-04-13,89,36,51,183,SEH820,FALL2,21
B0237,Daily,2023-01-01,2022-06-02,Booked,2022-05-04,401,57,30,100,YUD309,BGDL3,13
B0238,Daily,2022-09-25,2022-06-12,Booked,2022-06-26,425,131,7,771,PVG685,SAV30,26
B0239,Daily,2022-10-02,2022-05-28,Pending,2022-05-23,301,3,115,299,LIT644,BGDL3,11
B0240,Hourly,2022-05-07,2022-04-15,Booked,2022-04-04,217,134,3,337,PVG685,BGDL3,13
B0241,Daily,2022-07-15,2022-05-12,Pending,2022-06-01,571,161,104,363,TPU384,BGDL3,6
B0242,Daily,2022-07-20,2022-05-07,Booked,2022-05-20,99,28,81,456,DZK109,LONG1,11
B0243,Hourly,2023-02-08,2022-06-24,Failed,2022-05-01,270,68,72,815,VLQ334,SUMM1,24
B0244,Hourly,2022-09-29,2022-06-22,Failed,2022-05-07,333,140,58,27,JJY573,BDAY5,22
B0245,Daily,2022-04-17,2022-06-10,Pending,2022-05-07,285,78,115,982,POQ551,LYAL1,21
B0246,Hourly,2023-01-23,2022-05-28,Failed,2022-05-31,444,67,113,919,RGW409,SPG15,5
B0247,Hourly,2022-05-06,2022-06-12,Failed,2022-05-06,575,56,152,616,DFU652,DISC5,10
B0248,Hourly,2022-12-17,2022-05-15,Booked,2022-06-07,48,35,152,574,ECY524,SAV30,12
B0249,Daily,2023-03-03,2022-06-13,Failed,2022-06-30,234,74,94,183,ZMN380,FALL2,16
B0250,Daily,2023-01-04,2022-05-26,Failed,2022-06-03,400,74,58,756,MLK542,LONG1,11
B0251,Hourly,2023-01-21,2022-05-19,Failed,2022-05-24,86,58,82,217,NUW924,CLREN,8
B0252,Hourly,2022-04-14,2022-05-03,Failed,2022-06-07,411,137,125,555,IDR318,CLREN,18
B0253,Hourly,2022-05-09,2022-05-28,Failed,2022-04-07,89,130,32,339,HYI231,BDAY5,10
B0254,Hourly,2023-01-18,2022-06-17,Failed,2022-04-21,322,171,35,459,GWI475,BDAY5,14
B0255,Daily,2022-07-01,2022-06-08,Booked,2022-04-02,125,13,51,853,ZRQ594,SUMM1,29
B0256,Daily,2022-05-15,2022-05-29,Failed,2022-04-22,587,137,77,92,HBO741,SAV30,16
B0257,Daily,2022-06-29,2022-06-19,Booked,2022-04-14,569,119,68,614,ZJM142,MEG15,6
B0258,Hourly,2022-09-10,2022-06-30,Pending,2022-05-25,438,103,41,52,RBO233,NEWCU5,20
B0259,Hourly,2022-04-25,2022-04-27,Failed,2022-04-20,493,34,125,619,OKJ692,MEG15,22
B0260,Daily,2022-07-11,2022-04-26,Failed,2022-05-31,249,31,157,190,DNV803,HOLI5,4
B0261,Daily,2022-12-03,2022-05-18,Pending,2022-06-09,527,51,34,874,TZC576,SUMM1,26
B0262,Daily,2023-02-13,2022-06-08,Failed,2022-05-14,225,38,161,147,XNU375,LONG1,26
B0263,Daily,2022-11-03,2022-06-17,Failed,2022-04-25,236,145,138,157,IAO713,FALL2,24
B0264,Hourly,2022-11-01,2022-05-14,Pending,2022-06-10,672,150,146,570,QBK659,BGDL3,26
B0265,Daily,2022-05-30,2022-05-21,Pending,2022-06-23,426,46,159,151,QVL209,BGDL3,16
B0266,Hourly,2022-06-19,2022-05-15,Failed,2022-05-14,128,98,82,889,DNV803,SPG15,16
B0267,Daily,2022-06-30,2022-06-03,Pending,2022-04-21,270,116,132,196,ZZG439,BDAY5,28
B0268,Daily,2022-09-20,2022-04-04,Pending,2022-05-03,343,47,89,776,TVG307,HOLI5,26
B0269,Daily,2022-06-14,2022-06-20,Pending,2022-04-04,502,76,117,703,PVG685,CLREN,9
B0270,Daily,2022-12-03,2022-06-22,Booked,2022-06-16,315,157,106,954,VLQ334,CLREN,6
B0271,Hourly,2022-12-31,2022-06-11,Failed,2022-05-31,228,14,61,448,WXZ118,SUMM1,4
B0272,Hourly,2022-06-30,2022-06-01,Booked,2022-05-17,165,142,15,815,QVL209,FALL2,3
B0273,Daily,2022-05-13,2022-05-16,Pending,2022-05-26,665,36,135,544,SEH820,CLREN,13
B0274,Daily,2022-08-21,2022-05-31,Pending,2022-04-22,303,132,33,906,DTR384,DISC5,12
B0275,Hourly,2022-08-16,2022-06-30,Pending,2022-06-02,695,8,109,771,AXC586,BDAY5,25
B0276,Daily,2022-12-07,2022-05-03,Booked,2022-06-04,337,128,145,499,LBZ156,SPG15,15
B0277,Daily,2022-10-08,2022-05-22,Booked,2022-06-10,497,42,43,565,QNL780,BDAY5,4
B0278,Daily,2022-11-15,2022-04-21,Failed,2022-04-07,366,21,170,637,DEY262,WELC5,19
B0279,Daily,2022-11-28,2022-06-19,Failed,2022-04-21,587,138,135,821,OIC535,DISC5,3
B0280,Daily,2022-10-13,2022-04-09,Pending,2022-04-25,209,162,168,4,NWP420,DISC5,2
B0281,Daily,2022-10-29,2022-04-15,Failed,2022-04-10,344,161,37,343,TZC576,LONG1,16
B0282,Daily,2022-07-01,2022-05-01,Pending,2022-05-19,497,106,116,486,QNL780,FALL2,15
B0283,Daily,2022-10-30,2022-05-23,Failed,2022-05-10,403,132,26,744,QNL780,DISC5,20
B0284,Hourly,2022-06-29,2022-06-22,Failed,2022-05-25,234,37,143,552,QBK947,WELC5,7
B0285,Hourly,2022-12-01,2022-06-09,Pending,2022-06-22,563,92,29,800,ACI468,MEG15,10
B0286,Hourly,2022-11-08,2022-06-16,Pending,2022-04-23,51,64,8,945,QUL270,CLREN,7
B0287,Daily,2022-11-12,2022-05-01,Failed,2022-04-17,300,30,82,155,OKY186,SPG15,10
B0288,Daily,2023-01-27,2022-06-16,Booked,2022-06-03,446,117,168,613,XGS868,BDAY5,19
B0289,Hourly,2023-03-04,2022-04-05,Failed,2022-05-05,437,133,138,741,XFZ323,BDAY5,3
B0290,Daily,2023-02-06,2022-06-11,Failed,2022-06-23,399,170,94,210,DZK109,SAV30,15
B0291,Daily,2022-09-27,2022-05-25,Pending,2022-06-20,645,69,139,204,YUD309,SAV30,18
B0292,Daily,2022-10-14,2022-04-17,Failed,2022-05-18,255,163,53,741,GHD112,SUMM1,9
B0293,Hourly,2022-04-28,2022-04-06,Booked,2022-06-24,256,16,66,536,OBC497,DISC5,7
B0294,Daily,2022-04-12,2022-05-30,Failed,2022-05-12,372,145,133,1004,XGS868,HOLI5,7
B0295,Hourly,2023-03-29,2022-05-06,Booked,2022-06-07,616,38,116,540,GHD112,HOLI5,4
B0296,Hourly,2022-09-03,2022-04-14,Booked,2022-05-25,362,105,93,931,DZK109,SUMM1,2
B0297,Hourly,2023-03-22,2022-05-05,Pending,2022-04-09,471,62,110,653,YUD309,LONG1,6
B0298,Hourly,2022-04-26,2022-06-20,Booked,2022-05-30,144,154,31,517,NWP420,CLREN,3
B0299,Hourly,2022-09-16,2022-05-16,Booked,2022-06-23,96,90,92,910,XLF831,LYAL1,12
B0300,Hourly,2023-01-18,2022-05-28,Booked,2022-04-27,160,94,14,854,RBN435,HOLI5,17
B0301,Daily,2023-01-09,2022-05-07,Failed,2022-04-29,176,119,96,665,RGW409,,12
B0302,Hourly,2022-07-14,2022-05-05,Failed,2022-06-12,232,134,157,353,KAH571,,17
B0303,Hourly,2022-08-19,2022-06-15,Booked,2022-05-28,220,2,50,420,IWF141,,20
B0304,Hourly,2022-07-07,2022-05-13,Booked,2022-06-26,215,154,33,556,OKY186,,2
B0305,Daily,2022-09-05,2022-05-07,Booked,2022-04-04,550,133,91,798,ACI468,,25
B0306,Daily,2022-08-08,2022-05-08,Booked,2022-05-14,668,127,17,478,KHQ945,,12
B0307,Hourly,2022-11-18,2022-04-12,Booked,2022-04-06,408,169,63,33,QBM787,,13
B0308,Hourly,2022-10-08,2022-05-09,Pending,2022-05-21,397,112,3,19,TQT781,,17
B0309,Hourly,2022-09-29,2022-04-11,Pending,2022-06-13,588,94,113,24,KDC330,,15
B0310,Hourly,2022-11-06,2022-06-11,Failed,2022-05-05,124,68,136,631,OPD913,,2
B0311,Daily,2022-08-15,2022-04-09,Failed,2022-04-16,315,41,124,229,OAM406,,25
B0312,Hourly,2022-06-23,2022-04-04,Booked,2022-06-10,314,164,150,127,PIM968,,21
B0313,Daily,2022-08-28,2022-06-07,Booked,2022-04-19,453,21,83,961,DEY262,,3
B0314,Daily,2022-12-24,2022-06-29,Pending,2022-05-20,284,114,63,162,IDR318,,18
B0315,Daily,2022-10-31,2022-04-21,Pending,2022-06-30,568,43,156,486,XGS868,,21
B0316,Hourly,2023-01-21,2022-06-08,Booked,2022-04-29,193,89,135,574,XLF831,,8
B0317,Daily,2022-04-26,2022-04-22,Pending,2022-04-21,397,164,50,409,UQG364,,14
B0318,Hourly,2022-07-30,2022-05-18,Failed,2022-05-09,369,58,55,159,SEH820,,21
B0319,Hourly,2022-06-06,2022-06-03,Pending,2022-04-26,343,92,108,753,ZJM142,,21
B0320,Hourly,2023-02-24,2022-05-28,Booked,2022-04-24,577,71,141,132,DFU652,NEWCU5,20
B0321,Hourly,2022-10-21,2022-05-25,Booked,2022-05-16,36,96,3,513,HYI231,DISC5,15
B0322,Daily,2023-01-23,2022-04-16,Pending,2022-06-01,678,104,96,858,BAX184,WELC5,6
B0323,Hourly,2023-03-29,2022-05-17,Failed,2022-04-15,651,78,29,125,XGS868,SUMM1,24
B0324,Daily,2022-07-13,2022-05-05,Booked,2022-05-28,114,71,157,548,KCE336,WELC5,17
B0325,Hourly,2023-01-15,2022-04-25,Pending,2022-04-13,33,67,44,672,KHQ945,CLREN,5
B0326,Hourly,2022-09-14,2022-06-27,Failed,2022-04-30,198,123,3,375,GWI475,HOLI5,19
B0327,Daily,2022-12-26,2022-04-24,Booked,2022-06-17,593,17,119,594,WCM697,BGDL3,22
B0328,Daily,2022-04-09,2022-04-28,Pending,2022-05-09,52,5,125,721,QBK659,BDAY5,18
B0329,Daily,2022-12-17,2022-05-13,Booked,2022-06-24,226,155,93,963,GWI475,HOLI5,29
B0330,Daily,2022-04-19,2022-04-23,Booked,2022-04-02,454,48,43,512,OBC497,LYAL1,2
B0331,Daily,2023-02-19,2022-05-04,Booked,2022-05-22,501,121,21,468,DFU652,FALL2,3
B0332,Hourly,2022-07-21,2022-06-15,Booked,2022-05-05,399,169,155,264,NXW774,HOLI5,24
B0333,Daily,2022-06-13,2022-06-16,Failed,2022-05-01,456,171,12,714,NES222,SAV30,14
B0334,Daily,2022-12-14,2022-04-23,Booked,2022-05-22,272,44,43,482,IWF141,BDLE1,16
B0335,Daily,2022-10-26,2022-04-03,Failed,2022-06-07,36,121,72,726,TJS209,FALL2,7
B0336,Hourly,2022-12-13,2022-05-19,Booked,2022-05-17,183,86,76,602,QVL209,DISC5,17
B0337,Daily,2022-09-20,2022-05-07,Pending,2022-05-14,537,127,59,595,OAM406,FALL2,13
B0338,Hourly,2023-02-10,2022-05-01,Failed,2022-06-08,168,91,135,1013,QPH261,BDLE1,5
B0339,Daily,2022-08-30,2022-06-26,Booked,2022-04-15,418,145,27,218,ZJM142,BDLE1,8
B0340,Daily,2022-06-04,2022-04-15,Booked,2022-05-19,574,46,117,75,LAO563,SPG15,15
B0341,Daily,2023-03-01,2022-04-15,Pending,2022-05-20,344,159,139,810,IDR318,LYAL1,24
B0342,Hourly,2023-03-11,2022-05-29,Pending,2022-04-21,36,171,18,543,BDI534,SAV30,28
B0343,Daily,2023-03-21,2022-04-23,Pending,2022-05-02,365,116,29,565,RBO233,NEWCU5,4
B0344,Daily,2022-12-31,2022-04-27,Pending,2022-04-12,445,134,107,498,QBK947,FALL2,4
B0345,Hourly,2022-08-03,2022-04-20,Booked,2022-06-02,125,156,26,469,QVL209,BGDL3,5
B0346,Daily,2022-10-03,2022-05-10,Pending,2022-06-30,182,51,79,503,GHD112,HOLI5,12
B0347,Daily,2022-08-27,2022-04-06,Failed,2022-06-11,198,51,62,14,GWI475,SUMM1,21
B0348,Hourly,2022-09-27,2022-04-26,Failed,2022-04-28,488,78,152,486,ZMN380,BDLE1,26
B0349,Hourly,2022-07-16,2022-05-06,Booked,2022-06-06,280,5,73,971,KCE336,FALL2,19
B0350,Hourly,2022-04-24,2022-06-08,Pending,2022-06-02,385,83,6,657,KBX572,SAV30,21
B0351,Daily,2022-06-25,2022-06-29,Booked,2022-04-23,290,130,40,268,GVB365,BDAY5,3
B0352,Hourly,2022-08-28,2022-05-08,Failed,2022-04-24,626,6,152,139,QUL270,SAV30,4
B0353,Hourly,2022-11-20,2022-06-30,Failed,2022-05-23,291,90,87,1020,OFX221,MEG15,27
B0354,Hourly,2022-08-16,2022-05-12,Failed,2022-06-16,656,61,70,637,UJP407,SUMM1,9
B0355,Daily,2022-12-28,2022-04-21,Booked,2022-06-19,383,151,111,922,HLN542,LONG1,29
B0356,Hourly,2022-12-10,2022-04-07,Pending,2022-05-08,311,39,166,698,BAW412,BDAY5,16
B0357,Daily,2023-02-05,2022-04-12,Booked,2022-06-07,581,127,96,651,MWE134,BGDL3,14
B0358,Hourly,2022-06-11,2022-05-05,Pending,2022-06-05,439,91,117,429,OFS322,SUMM1,4
B0359,Daily,2022-12-19,2022-05-18,Booked,2022-04-04,432,45,69,851,TPU384,LONG1,20
B0360,Daily,2023-01-31,2022-04-13,Pending,2022-06-26,369,78,3,1014,GIH818,LONG1,11
B0361,Daily,2022-04-30,2022-06-06,Booked,2022-06-15,103,76,47,673,QPH261,MEG15,8
B0362,Daily,2022-10-14,2022-06-29,Booked,2022-04-22,126,97,74,371,OFX221,HOLI5,18
B0363,Daily,2022-08-21,2022-05-07,Pending,2022-04-29,174,63,10,349,XEP774,MEG15,19
B0364,Hourly,2022-05-10,2022-05-11,Pending,2022-06-03,308,12,128,296,ECY524,BDLE1,23
B0365,Hourly,2022-05-21,2022-05-11,Failed,2022-05-10,499,71,34,294,XEP774,BDAY5,15
B0366,Hourly,2022-05-22,2022-06-30,Failed,2022-04-24,195,172,32,825,QUL270,FALL2,17
B0367,Hourly,2022-07-15,2022-06-15,Booked,2022-04-23,681,16,155,298,NXW774,FALL2,9
B0368,Daily,2022-12-13,2022-06-11,Booked,2022-04-05,221,172,148,980,YUD309,BDLE1,26
B0369,Daily,2022-10-13,2022-05-04,Booked,2022-04-04,178,4,34,532,HYI231,LYAL1,17
B0370,Hourly,2022-06-17,2022-05-25,Failed,2022-05-27,516,55,172,567,OAC224,NEWCU5,24
B0371,Hourly,2022-04-22,2022-04-09,Failed,2022-06-11,565,98,19,796,ZMN380,DISC5,8
B0372,Hourly,2022-11-07,2022-05-03,Failed,2022-06-06,627,114,123,367,HBO741,LONG1,2
B0373,Daily,2022-05-15,2022-04-17,Booked,2022-04-02,383,6,169,166,AEI379,BDLE1,13
B0374,Hourly,2022-12-25,2022-06-19,Booked,2022-05-28,699,19,118,254,IDR318,SUMM1,3
B0375,Hourly,2022-06-05,2022-05-30,Booked,2022-06-14,286,22,96,223,QBK659,BDLE1,12
B0376,Daily,2022-12-23,2022-04-23,Failed,2022-05-30,184,42,160,326,DNV803,BDAY5,7
B0377,Daily,2022-09-18,2022-06-20,Pending,2022-06-19,656,109,120,373,KBX572,BDLE1,7
B0378,Hourly,2022-05-22,2022-04-12,Booked,2022-04-10,640,114,58,1001,HRD204,SAV30,22
B0379,Hourly,2022-11-17,2022-05-09,Booked,2022-04-19,511,117,105,398,OKY186,DISC5,17
B0380,Hourly,2022-11-21,2022-04-07,Pending,2022-05-04,314,33,60,638,ZZG439,HOLI5,6
B0381,Daily,2022-04-15,2022-04-04,Pending,2022-06-17,626,66,123,743,NES222,SPG15,26
B0382,Daily,2022-04-12,2022-04-22,Pending,2022-04-03,147,26,141,511,DNB147,BDAY5,29
B0383,Hourly,2022-08-01,2022-04-06,Failed,2022-04-26,617,50,86,420,JEV702,SAV30,6
B0384,Daily,2022-08-26,2022-05-18,Pending,2022-04-18,279,163,138,282,QPH261,LYAL1,10
B0385,Hourly,2022-07-25,2022-04-21,Pending,2022-04-18,462,117,60,497,WXZ118,WELC5,7
B0386,Hourly,2023-01-01,2022-05-15,Booked,2022-06-09,360,172,156,977,TVG307,CLREN,4
B0387,Hourly,2023-02-22,2022-04-20,Booked,2022-06-01,115,137,122,845,OFS322,BGDL3,5
B0388,Daily,2022-05-14,2022-04-03,Booked,2022-04-26,626,1,93,608,DNV803,NEWCU5,4
B0389,Daily,2022-09-20,2022-06-17,Failed,2022-05-27,343,59,60,838,OAC224,SPG15,2
B0390,Hourly,2022-07-23,2022-04-22,Booked,2022-05-14,45,60,70,218,ECY524,DISC5,18
B0391,Daily,2023-03-23,2022-04-19,Pending,2022-05-17,384,10,109,515,NUW924,BDAY5,3
B0392,Daily,2022-04-13,2022-06-04,Booked,2022-05-15,38,44,37,713,UJP407,LYAL1,26
B0393,Daily,2022-10-13,2022-05-26,Pending,2022-06-26,689,137,148,746,ZRQ594,BGDL3,10
B0394,Daily,2023-02-06,2022-06-12,Failed,2022-05-10,444,158,5,944,OAC224,BDAY5,28
B0395,Hourly,2022-05-11,2022-06-18,Failed,2022-06-02,150,132,42,388,WCM697,SUMM1,18
B0396,Daily,2022-05-27,2022-04-14,Pending,2022-04-13,301,171,83,149,KCE336,FALL2,14
B0397,Hourly,2022-09-19,2022-06-29,Booked,2022-06-17,675,12,20,33,TZC576,LONG1,7
B0398,Hourly,2022-10-21,2022-04-28,Failed,2022-04-09,336,133,56,404,GIH818,MEG15,12
B0399,Hourly,2022-12-22,2022-06-06,Booked,2022-06-10,117,141,118,376,HYI231,BDLE1,1
B0400,Daily,2022-04-19,2022-06-01,Pending,2022-06-27,619,53,22,866,DNB147,BDAY5,7
B0401,Hourly,2022-04-08,2022-06-26,Pending,2022-05-30,452,150,39,60,LRW561,BDAY5,24
B0402,Hourly,2022-09-24,2022-05-06,Booked,2022-05-06,454,1,166,621,KCE336,BDLE1,21
B0403,Daily,2022-08-16,2022-05-11,Failed,2022-06-14,453,37,42,481,PUC722,WELC5,2
B0404,Hourly,2022-11-03,2022-04-12,Pending,2022-05-26,335,140,70,394,MLK542,DISC5,6
B0405,Daily,2023-01-29,2022-06-14,Pending,2022-05-23,159,73,41,926,OFS322,SPG15,26
B0406,Daily,2022-12-06,2022-05-23,Pending,2022-04-07,514,65,169,664,QUL270,HOLI5,12
B0407,Hourly,2022-04-25,2022-05-09,Booked,2022-04-13,399,15,144,927,TEB936,BDAY5,6
B0408,Daily,2022-12-14,2022-06-05,Booked,2022-04-29,409,88,118,3,HLN542,,15
B0409,Daily,2023-03-15,2022-05-24,Booked,2022-05-21,601,79,98,938,AEI379,,17
B0410,Hourly,2023-03-22,2022-06-25,Pending,2022-06-30,85,57,122,178,QUL270,,17
B0411,Daily,2023-03-08,2022-05-27,Pending,2022-05-18,215,40,70,530,AXC586,,9
B0412,Daily,2023-03-21,2022-04-15,Failed,2022-05-09,495,65,32,460,PUC722,,6
B0413,Daily,2023-03-10,2022-04-09,Booked,2022-04-18,247,93,26,785,ZRQ594,,8
B0414,Daily,2023-03-03,2022-04-16,Pending,2022-04-02,616,141,16,335,MEN995,,5
B0415,Daily,2022-10-18,2022-04-12,Booked,2022-05-01,574,44,150,67,ZRQ594,,3
B0416,Hourly,2022-12-12,2022-05-04,Failed,2022-04-26,28,113,3,392,XLF831,,11
B0417,Hourly,2022-05-28,2022-07-01,Pending,2022-04-19,691,48,1,576,OPD913,,28
B0418,Hourly,2022-05-25,2022-05-16,Booked,2022-04-25,568,9,48,873,NES222,,24
B0419,Hourly,2022-05-29,2022-05-12,Booked,2022-04-18,37,133,96,762,HYI231,,9
B0420,Hourly,2023-01-26,2022-06-18,Failed,2022-05-17,363,19,113,238,UYH459,,16
B0421,Hourly,2022-12-07,2022-05-01,Booked,2022-04-07,631,62,141,1001,DEY262,,11
B0422,Hourly,2022-07-26,2022-05-03,Booked,2022-05-10,456,102,2,392,MEN995,,9
B0423,Daily,2023-03-10,2022-06-28,Failed,2022-04-28,629,9,69,162,NWP420,,21
B0424,Hourly,2022-07-27,2022-06-15,Booked,2022-06-01,222,146,6,360,TVG307,,4
B0425,Hourly,2022-11-25,2022-06-24,Failed,2022-06-13,410,55,48,770,MLK542,SPG15,12
B0426,Hourly,2022-09-22,2022-05-03,Failed,2022-06-13,379,143,150,300,OFX221,CLREN,20
B0427,Daily,2022-05-24,2022-05-07,Booked,2022-04-17,276,125,73,167,DFU652,FALL2,19
B0428,Daily,2022-06-16,2022-04-16,Booked,2022-06-01,470,47,107,23,GWI475,MEG15,18
B0429,Hourly,2022-10-13,2022-05-02,Failed,2022-04-10,319,109,11,153,KHQ945,FALL2,18
B0430,Hourly,2022-08-23,2022-04-17,Booked,2022-04-24,201,160,45,584,QVL209,LONG1,16
B0431,Hourly,2022-11-20,2022-04-18,Booked,2022-06-18,404,50,15,276,RBN435,WELC5,13
B0432,Daily,2022-05-17,2022-05-29,Failed,2022-05-05,333,7,38,331,MLK542,BDLE1,25
B0433,Hourly,2022-12-30,2022-05-15,Pending,2022-04-18,156,155,165,1001,HJL508,MEG15,25
B0434,Hourly,2022-10-18,2022-05-16,Failed,2022-06-08,55,171,86,331,OKY186,SAV30,13
B0435,Hourly,2023-03-31,2022-04-30,Failed,2022-04-19,419,140,37,240,ZJM142,MEG15,25
B0436,Hourly,2022-10-31,2022-04-21,Pending,2022-06-23,159,104,153,215,ZRQ594,MEG15,7
B0437,Daily,2022-06-29,2022-05-26,Pending,2022-05-14,539,72,52,992,MEN995,LONG1,14
B0438,Daily,2022-07-04,2022-05-18,Failed,2022-04-28,70,47,117,860,ZZG439,SAV30,27
B0439,Daily,2023-02-03,2022-04-14,Failed,2022-05-05,377,97,122,499,QBK947,SAV30,25
B0440,Daily,2023-02-26,2022-06-30,Booked,2022-06-05,158,93,154,898,OFX221,HOLI5,4
B0441,Daily,2023-01-02,2022-05-24,Failed,2022-06-11,488,57,165,745,TZC576,CLREN,16
B0442,Hourly,2022-12-06,2022-04-28,Pending,2022-05-26,501,76,39,158,LRW561,MEG15,9
B0443,Hourly,2023-03-01,2022-07-01,Booked,2022-06-01,505,20,24,716,QBK659,SAV30,6
B0444,Daily,2023-02-05,2022-06-15,Pending,2022-06-10,96,116,13,422,MEN995,NEWCU5,19
B0445,Hourly,2022-11-17,2022-06-15,Pending,2022-05-18,577,143,67,120,TRY861,FALL2,24
B0446,Hourly,2022-06-17,2022-04-16,Pending,2022-06-17,56,2,146,930,TZC576,SUMM1,24
B0447,Hourly,2022-06-09,2022-05-05,Failed,2022-06-03,268,73,105,175,HRD204,BDAY5,21
B0448,Daily,2022-12-31,2022-06-17,Booked,2022-06-27,663,88,147,668,XEP774,LONG1,9
B0449,Hourly,2022-04-27,2022-05-01,Failed,2022-05-27,318,19,138,256,OKY186,WELC5,9
B0450,Daily,2022-05-13,2022-04-26,Booked,2022-06-16,460,118,146,1010,MWE134,LYAL1,14
B0451,Daily,2022-07-08,2022-05-02,Booked,2022-06-29,381,151,145,945,TPU384,MEG15,21
B0452,Daily,2022-11-09,2022-06-19,Booked,2022-05-11,411,25,2,555,KBX572,BDLE1,7
B0453,Daily,2022-09-28,2022-04-29,Booked,2022-04-09,406,33,63,419,JEV702,LONG1,2
B0454,Hourly,2023-03-13,2022-05-27,Pending,2022-06-01,578,44,59,789,BDI534,BDAY5,2
B0455,Daily,2022-04-22,2022-05-21,Failed,2022-05-13,93,96,100,458,JEV702,MEG15,17
B0456,Hourly,2022-06-09,2022-04-19,Pending,2022-04-23,350,100,66,509,DNV803,MEG15,12
B0457,Daily,2023-01-06,2022-05-30,Failed,2022-05-04,207,4,91,435,BAW412,BDLE1,24
B0458,Daily,2023-02-19,2022-06-28,Booked,2022-06-05,587,89,63,325,JEV702,SUMM1,28
B0459,Daily,2023-01-14,2022-06-26,Pending,2022-05-27,252,120,40,209,NWP420,SPG15,25
B0460,Daily,2022-09-14,2022-04-27,Failed,2022-05-30,551,35,27,690,QUL270,NEWCU5,4
B0461,Hourly,2022-06-12,2022-06-20,Failed,2022-05-29,272,150,127,566,ACI468,CLREN,17
B0462,Hourly,2022-09-26,2022-04-18,Pending,2022-04-18,438,106,140,388,HRD204,BGDL3,7
B0463,Daily,2022-07-18,2022-06-04,Booked,2022-05-26,393,126,120,393,XGS868,BDAY5,2
B0464,Daily,2022-12-02,2022-05-01,Failed,2022-04-25,491,164,103,393,UQG364,SUMM1,27
B0465,Daily,2022-10-22,2022-06-01,Booked,2022-05-25,190,105,31,324,XLF831,LYAL1,24
B0466,Hourly,2023-01-25,2022-05-13,Booked,2022-05-15,466,54,114,151,ACI468,SAV30,21
B0467,Daily,2022-12-27,2022-06-13,Failed,2022-05-30,180,113,130,910,DZK109,LONG1,14
B0468,Hourly,2023-01-01,2022-04-10,Pending,2022-06-21,95,74,3,62,GWI475,SAV30,6
B0469,Hourly,2022-10-30,2022-05-12,Failed,2022-05-21,63,110,113,583,HJL508,WELC5,27
B0470,Daily,2022-11-28,2022-04-22,Failed,2022-05-15,48,20,172,944,XFZ323,NEWCU5,24
B0471,Hourly,2022-09-23,2022-05-25,Pending,2022-05-10,699,122,32,58,BTK815,NEWCU5,8
B0472,Hourly,2022-12-27,2022-06-04,Failed,2022-05-19,459,8,152,726,XNU375,BGDL3,10
B0473,Hourly,2022-11-19,2022-06-18,Pending,2022-05-11,504,49,8,357,POQ551,HOLI5,26
B0474,Hourly,2022-06-28,2022-05-28,Failed,2022-06-24,680,99,73,883,DTR384,FALL2,26
B0475,Daily,2023-03-08,2022-06-20,Failed,2022-04-27,629,55,24,201,HJL508,DISC5,1
B0476,Daily,2022-04-05,2022-05-01,Booked,2022-05-06,439,93,109,734,PUC722,DISC5,10
B0477,Hourly,2022-06-23,2022-04-26,Pending,2022-04-15,689,78,147,366,GXM423,SPG15,1
B0478,Hourly,2022-07-07,2022-05-03,Pending,2022-04-11,533,107,78,2,TPU384,HOLI5,23
B0479,Daily,2023-02-21,2022-05-31,Failed,2022-04-22,461,80,111,123,QVL209,FALL2,24
B0480,Daily,2022-09-09,2022-06-13,Booked,2022-04-24,630,27,115,89,GIH818,FALL2,12
B0481,Hourly,2022-06-21,2022-06-28,Booked,2022-04-25,420,57,58,379,AXC586,SPG15,10
B0482,Hourly,2022-05-05,2022-05-28,Pending,2022-06-04,341,41,13,126,IAO713,LONG1,22
B0483,Hourly,2022-11-23,2022-04-20,Pending,2022-04-28,491,84,79,965,IAO713,MEG15,27
B0484,Hourly,2022-05-11,2022-06-05,Failed,2022-06-10,203,169,102,479,WCM697,,21
B0485,Daily,2022-08-27,2022-06-27,Pending,2022-05-24,417,162,94,88,HYI231,,2
B0486,Hourly,2022-05-28,2022-06-30,Pending,2022-06-25,384,86,8,967,BAW412,,7
B0487,Hourly,2023-03-10,2022-05-27,Failed,2022-04-12,186,13,102,267,KNP415,,25
B0488,Daily,2022-07-13,2022-05-19,Booked,2022-06-26,138,133,87,275,ZZG439,,12
B0489,Hourly,2022-05-06,2022-06-06,Booked,2022-05-18,463,23,46,103,TJS209,,2
B0490,Hourly,2022-04-11,2022-04-26,Pending,2022-05-07,368,27,7,870,QBM787,,17
B0491,Hourly,2023-03-14,2022-04-26,Pending,2022-05-10,659,138,163,771,PIM968,,1
B0492,Daily,2023-02-19,2022-05-12,Booked,2022-05-23,603,97,89,484,UJP407,,24
B0493,Daily,2022-11-20,2022-05-07,Failed,2022-06-03,309,35,97,429,TPU384,,18
B0494,Hourly,2022-07-06,2022-04-20,Pending,2022-04-21,27,80,30,224,OKJ692,,4
B0495,Daily,2022-08-03,2022-04-08,Booked,2022-04-15,397,22,89,786,LBZ156,,7
B0496,Hourly,2022-08-22,2022-05-25,Booked,2022-06-08,641,154,77,927,KNP415,,4
B0497,Daily,2022-11-21,2022-06-10,Booked,2022-06-11,582,156,114,975,HRD204,,18
B0498,Daily,2023-02-23,2022-05-19,Booked,2022-06-24,300,105,102,740,XEP774,BGDL3,9
B0499,Hourly,2023-03-09,2022-06-25,Failed,2022-05-21,538,88,101,531,DEY262,DISC5,27
B0500,Hourly,2022-06-10,2022-05-28,Booked,2022-06-30,424,160,55,67,PUC722,SUMM1,22
B0501,Daily,2022-04-10,2022-04-19,Failed,2022-05-10,122,139,112,208,ZZG439,LYAL1,29
B0502,Daily,2022-04-13,2022-05-23,Pending,2022-05-03,698,116,120,145,XGS868,LYAL1,3
B0503,Daily,2022-04-02,2022-05-15,Booked,2022-06-25,464,161,76,973,RBO233,CLREN,28
B0504,Hourly,2022-10-21,2022-06-06,Pending,2022-04-22,322,22,144,234,LAO563,NEWCU5,6
B0505,Daily,2022-11-25,2022-06-20,Failed,2022-04-27,297,42,155,661,QVL209,NEWCU5,27
B0506,Daily,2022-09-25,2022-06-07,Booked,2022-06-16,674,119,91,625,GHD112,NEWCU5,24
B0507,Daily,2022-07-12,2022-04-30,Pending,2022-06-01,446,6,135,466,IDR318,BGDL3,3
B0508,Daily,2022-06-05,2022-04-29,Pending,2022-05-22,629,95,33,572,ZRQ594,FALL2,23
B0509,Hourly,2023-03-03,2022-05-23,Booked,2022-05-06,646,3,65,990,TQT781,CLREN,19
B0510,Daily,2023-01-20,2022-05-08,Booked,2022-05-26,222,1,88,188,OAC224,SAV30,3
B0511,Daily,2023-01-20,2022-04-12,Pending,2022-04-13,517,71,127,692,HRD204,WELC5,25
B0512,Hourly,2023-02-06,2022-04-17,Booked,2022-05-04,333,71,112,41,DNV803,HOLI5,15
B0513,Daily,2022-11-05,2022-06-27,Pending,2022-06-15,305,86,52,33,XGS868,MEG15,25
B0514,Daily,2022-05-07,2022-04-04,Pending,2022-05-23,307,141,135,922,KAH571,SUMM1,27
B0515,Hourly,2022-09-26,2022-04-03,Booked,2022-06-11,693,36,96,844,RIW951,DISC5,4
B0516,Hourly,2022-08-21,2022-04-17,Pending,2022-06-16,396,109,159,182,LBZ156,BDLE1,20
B0517,Daily,2023-01-02,2022-04-09,Booked,2022-05-03,420,110,42,722,MWE134,BDLE1,9
B0518,Daily,2022-12-25,2022-05-06,Failed,2022-05-19,623,21,81,811,OBC497,BDLE1,7
B0519,Daily,2022-12-14,2022-05-02,Pending,2022-06-21,187,66,111,185,WXZ118,LONG1,16
B0520,Daily,2022-12-04,2022-05-23,Pending,2022-06-22,503,79,160,209,NWP420,LONG1,22
B0521,Hourly,2022-12-19,2022-05-16,Pending,2022-05-07,126,80,93,413,IDR318,SUMM1,22
B0522,Hourly,2022-06-13,2022-04-09,Pending,2022-06-04,502,9,148,1015,QUL270,SPG15,1
B0523,Daily,2022-11-28,2022-04-17,Pending,2022-04-29,53,167,160,860,OPD913,DISC5,28
B0524,Hourly,2022-07-24,2022-04-17,Pending,2022-06-14,369,154,134,407,XEP774,LYAL1,19
B0525,Hourly,2022-08-13,2022-04-30,Booked,2022-06-13,248,128,36,32,MLK542,MEG15,27
B0526,Daily,2022-10-31,2022-05-27,Pending,2022-05-20,217,13,59,755,DEY262,WELC5,18
B0527,Daily,2022-10-01,2022-04-28,Failed,2022-04-13,182,132,36,857,ZZG439,FALL2,19
B0528,Hourly,2022-09-15,2022-04-21,Booked,2022-06-09,44,67,30,731,IAO713,SUMM1,14
B0529,Hourly,2022-11-20,2022-05-21,Pending,2022-05-27,138,73,115,2,MWE134,SPG15,1
B0530,Daily,2022-08-18,2022-04-07,Pending,2022-04-25,39,90,30,123,BAW412,WELC5,3
B0531,Hourly,2022-05-08,2022-05-11,Booked,2022-05-03,424,36,159,725,PRK361,MEG15,17
B0532,Hourly,2022-07-29,2022-06-08,Booked,2022-06-18,83,147,9,95,KDC330,SPG15,5
B0533,Hourly,2022-09-14,2022-06-27,Pending,2022-05-25,370,84,13,791,UYH459,DISC5,29
B0534,Hourly,2023-02-01,2022-05-20,Failed,2022-04-27,89,27,31,916,KDC330,DISC5,15
B0535,Hourly,2022-09-04,2022-06-12,Booked,2022-04-03,299,141,143,178,AEI379,BGDL3,5
B0536,Hourly,2022-10-17,2022-06-12,Failed,2022-06-02,279,92,15,441,AEI379,SPG15,12
B0537,Hourly,2023-01-22,2022-05-11,Failed,2022-05-10,281,71,141,664,ECY524,SPG15,24
B0538,Daily,2023-02-11,2022-06-19,Failed,2022-05-03,482,82,3,1027,HYI231,BDAY5,24
B0539,Daily,2023-01-08,2022-05-25,Failed,2022-04-23,556,53,35,260,OBC497,LYAL1,27
B0540,Daily,2023-01-07,2022-06-28,Failed,2022-04-18,64,138,99,270,HYI231,LONG1,25
B0541,Hourly,2022-08-07,2022-04-06,Failed,2022-05-16,603,135,91,945,IDR318,BGDL3,27
B0542,Daily,2022-04-03,2022-06-01,Pending,2022-04-30,457,162,63,920,OBC497,SPG15,16
B0543,Daily,2023-03-17,2022-05-23,Failed,2022-06-10,106,163,43,276,NES222,WELC5,25
B0544,Hourly,2022-12-26,2022-04-04,Booked,2022-04-10,178,30,138,767,QBM787,HOLI5,21
B0545,Hourly,2022-10-14,2022-04-07,Booked,2022-04-20,351,124,50,882,TRY861,DISC5,29
B0546,Hourly,2022-10-31,2022-06-20,Booked,2022-06-20,597,111,79,397,TVG307,CLREN,26
B0547,Hourly,2023-03-13,2022-06-29,Pending,2022-05-03,606,36,167,841,HYI231,BGDL3,14
B0548,Daily,2022-08-06,2022-06-20,Booked,2022-04-13,613,35,153,11,HLN542,BDLE1,7
B0549,Daily,2022-05-29,2022-06-06,Pending,2022-04-11,339,64,119,537,UYH459,BGDL3,21
B0550,Daily,2022-09-27,2022-05-11,Pending,2022-04-10,508,89,93,1018,QBK659,LYAL1,20
B0551,Hourly,2022-06-20,2022-05-30,Failed,2022-06-10,556,162,26,789,RBO233,SUMM1,5
B0552,Hourly,2022-09-15,2022-04-24,Pending,2022-06-12,431,122,136,568,DNB147,NEWCU5,14
B0553,Daily,2022-12-12,2022-04-07,Pending,2022-05-11,117,142,101,784,ECY524,BGDL3,10
B0554,Daily,2023-01-09,2022-05-13,Booked,2022-06-12,162,132,52,520,VLQ334,BGDL3,1
B0555,Daily,2022-12-11,2022-06-12,Pending,2022-05-25,562,121,15,733,KDC330,CLREN,5
B0556,Daily,2022-10-06,2022-06-04,Failed,2022-05-06,454,114,116,337,OFX221,NEWCU5,1
B0557,Hourly,2022-10-05,2022-05-05,Pending,2022-04-17,458,120,27,497,AXC586,DISC5,14
B0558,Hourly,2023-02-06,2022-04-29,Pending,2022-04-08,52,140,114,901,UQG364,FALL2,10
B0559,Daily,2022-10-11,2022-05-15,Pending,2022-06-06,104,104,106,508,DZK109,MEG15,26
B0560,Hourly,2022-12-26,2022-06-08,Failed,2022-04-26,622,8,72,777,HBO741,SAV30,27
B0561,Daily,2022-12-27,2022-05-05,Failed,2022-05-01,425,129,84,915,LBZ156,,17
B0562,Hourly,2022-07-05,2022-04-25,Failed,2022-05-07,220,160,17,376,DZK109,,18
B0563,Daily,2022-11-23,2022-04-19,Failed,2022-04-30,94,42,144,55,IWF141,,25
B0564,Hourly,2022-08-07,2022-06-25,Booked,2022-06-28,522,56,172,184,TQT781,,25
B0565,Hourly,2023-01-29,2022-05-08,Booked,2022-04-05,635,114,2,294,RIW951,,12
B0566,Daily,2022-10-09,2022-06-13,Pending,2022-04-05,321,123,101,424,ZMN380,,22
B0567,Daily,2022-12-22,2022-05-10,Booked,2022-06-13,42,98,49,860,ZJM142,,28
B0568,Hourly,2022-08-17,2022-04-24,Failed,2022-05-30,500,79,7,348,UJP407,,29
B0569,Daily,2022-07-09,2022-05-31,Pending,2022-06-12,645,5,172,415,DNB147,,15
B0570,Daily,2022-04-30,2022-05-13,Booked,2022-06-11,77,85,158,594,TEB936,,14
B0571,Daily,2022-12-17,2022-06-22,Failed,2022-05-14,490,159,151,415,QNL780,,7
B0572,Hourly,2023-01-25,2022-05-14,Pending,2022-06-03,339,156,113,729,UJP407,,1
B0573,Hourly,2023-01-29,2022-06-29,Booked,2022-04-18,570,165,66,914,GVB365,,16
B0574,Hourly,2022-09-15,2022-05-14,Booked,2022-06-03,313,108,130,631,XEP774,,17
B0575,Hourly,2023-03-05,2022-04-21,Pending,2022-06-11,265,122,107,963,QBK947,,22
B0576,Daily,2023-02-11,2022-06-24,Pending,2022-05-04,175,121,84,413,KAH571,,20
B0577,Hourly,2022-07-07,2022-07-01,Pending,2022-06-14,193,27,14,923,KTJ572,,28
B0578,Hourly,2022-12-30,2022-04-03,Pending,2022-05-27,580,92,73,400,PIM968,,5
B0579,Daily,2022-04-27,2022-04-27,Failed,2022-04-10,332,133,55,898,DNV803,CLREN,19
B0580,Hourly,2023-01-26,2022-06-23,Failed,2022-06-21,529,41,53,899,PRK361,SAV30,8
B0581,Hourly,2022-05-13,2022-05-24,Booked,2022-04-02,554,17,109,949,QBK947,FALL2,1
B0582,Hourly,2022-04-13,2022-05-16,Pending,2022-04-28,408,157,168,911,JEV702,BDAY5,1
B0583,Daily,2022-09-14,2022-07-01,Pending,2022-04-18,637,102,48,560,ACI468,BGDL3,28
B0584,Hourly,2023-02-09,2022-07-01,Pending,2022-04-11,439,127,94,715,OAC224,BDAY5,7
B0585,Daily,2022-05-16,2022-04-04,Pending,2022-04-27,693,60,5,779,LAO563,LONG1,2
B0586,Daily,2023-03-08,2022-05-30,Failed,2022-06-05,304,170,108,590,QBK659,BDLE1,7
B0587,Daily,2023-01-01,2022-05-31,Failed,2022-06-23,368,165,101,294,OKY186,BGDL3,11
B0588,Daily,2022-07-26,2022-04-15,Booked,2022-05-27,159,50,162,85,UYH459,DISC5,12
B0589,Daily,2023-03-29,2022-04-07,Failed,2022-04-24,585,90,99,754,PVG685,DISC5,25
B0590,Hourly,2022-08-07,2022-04-28,Booked,2022-06-18,396,55,84,923,XGS868,BGDL3,18
B0591,Hourly,2022-09-19,2022-06-15,Pending,2022-06-23,314,84,138,606,DNV803,LYAL1,10
B0592,Daily,2023-03-23,2022-05-24,Booked,2022-06-09,115,21,69,936,POQ551,SPG15,29
B0593,Hourly,2023-03-01,2022-06-26,Failed,2022-06-29,469,80,66,232,IAO713,FALL2,10
B0594,Hourly,2022-12-02,2022-04-29,Booked,2022-04-18,393,83,142,876,GXM423,NEWCU5,19
B0595,Daily,2022-05-21,2022-06-12,Pending,2022-06-17,645,157,74,510,OAC224,BDAY5,26
B0596,Hourly,2023-03-27,2022-05-11,Failed,2022-05-15,369,69,153,769,AEI379,LYAL1,11
B0597,Daily,2022-08-23,2022-06-01,Failed,2022-05-25,644,125,99,824,XFZ323,SUMM1,28
B0598,Hourly,2022-07-22,2022-06-23,Booked,2022-04-18,468,41,12,520,TQT781,DISC5,28
B0599,Hourly,2022-10-19,2022-04-23,Pending,2022-06-22,339,111,27,180,XLF831,LONG1,18
B0600,Daily,2022-10-05,2022-06-25,Booked,2022-04-06,122,34,27,534,QVL209,DISC5,1
B0601,Daily,2022-10-21,2022-05-07,Failed,2022-05-13,662,58,58,699,AXC586,BGDL3,25
B0602,Hourly,2022-05-08,2022-06-27,Booked,2022-07-01,114,107,8,212,LIT644,CLREN,27
B0603,Hourly,2022-05-12,2022-04-19,Pending,2022-04-29,251,57,98,732,RIW951,WELC5,28
B0604,Hourly,2022-06-19,2022-04-30,Booked,2022-05-09,223,83,87,365,NES222,SPG15,5
B0605,Hourly,2022-12-21,2022-04-02,Booked,2022-06-27,389,139,103,487,IAO713,BDAY5,12
B0606,Daily,2022-12-10,2022-06-23,Pending,2022-04-06,204,80,51,191,QBM787,MEG15,7
B0607,Hourly,2023-02-11,2022-05-20,Booked,2022-06-23,318,136,62,502,PIM968,SPG15,17
B0608,Daily,2023-02-26,2022-06-25,Pending,2022-06-28,100,13,128,351,KTJ572,BGDL3,16
B0609,Daily,2022-04-26,2022-07-01,Pending,2022-04-24,340,171,89,179,XFZ323,LONG1,11
B0610,Hourly,2023-03-24,2022-06-19,Booked,2022-04-12,217,90,85,104,XFZ323,BDLE1,29
B0611,Hourly,2023-02-22,2022-05-29,Pending,2022-06-22,351,94,155,891,ZZG439,NEWCU5,6
B0612,Hourly,2022-10-23,2022-05-12,Pending,2022-05-30,675,75,2,715,BAX184,DISC5,18
B0613,Daily,2022-10-28,2022-06-23,Failed,2022-04-25,92,78,154,655,UQG364,LYAL1,7
B0614,Hourly,2022-08-24,2022-05-29,Failed,2022-05-25,646,94,102,208,LAO563,CLREN,26
B0615,Hourly,2022-11-30,2022-05-25,Failed,2022-05-14,692,39,79,240,WXZ118,HOLI5,1
B0616,Daily,2022-08-11,2022-04-15,Failed,2022-05-29,317,166,43,900,MEN995,MEG15,25
B0617,Hourly,2022-07-24,2022-04-29,Failed,2022-05-15,399,133,27,987,DNB147,SUMM1,7
B0618,Hourly,2022-12-05,2022-05-03,Failed,2022-05-05,318,50,60,570,MLK542,BDLE1,13
B0619,Hourly,2023-03-12,2022-06-12,Booked,2022-05-19,281,83,85,459,TRY861,SAV30,3
B0620,Hourly,2022-07-19,2022-06-11,Booked,2022-04-08,123,75,91,845,NES222,MEG15,9
B0621,Daily,2022-09-07,2022-05-10,Booked,2022-05-09,536,6,74,228,DZK109,BDAY5,11
B0622,Hourly,2022-10-30,2022-04-04,Booked,2022-05-01,609,14,144,111,OBC497,LYAL1,6
B0623,Hourly,2022-10-01,2022-05-06,Pending,2022-04-24,459,146,135,234,KTJ572,HOLI5,9
B0624,Daily,2022-06-08,2022-04-29,Booked,2022-05-28,664,106,92,659,KDC330,DISC5,3
B0625,Hourly,2023-03-28,2022-06-02,Pending,2022-04-20,464,155,78,772,OBC497,BDLE1,18
B0626,Hourly,2022-07-15,2022-04-19,Pending,2022-05-10,686,151,1,408,QBM787,NEWCU5,21
B0627,Daily,2023-01-06,2022-05-13,Failed,2022-06-30,560,5,141,368,MEN995,WELC5,12
B0628,Daily,2022-11-22,2022-06-30,Booked,2022-06-19,523,42,171,129,PTM160,SPG15,4
B0629,Daily,2022-11-20,2022-06-07,Pending,2022-04-15,92,169,121,955,DFU652,WELC5,29
B0630,Daily,2022-08-11,2022-05-26,Booked,2022-05-01,476,72,81,194,RGW409,LYAL1,24
B0631,Hourly,2023-02-20,2022-05-13,Failed,2022-06-06,614,32,22,633,UQG364,FALL2,18
B0632,Hourly,2022-12-26,2022-06-11,Failed,2022-06-14,178,147,43,891,JEV702,SAV30,5
B0633,Daily,2022-12-04,2022-05-03,Pending,2022-06-19,581,52,33,275,WXZ118,CLREN,14
B0634,Hourly,2022-11-18,2022-05-06,Failed,2022-05-04,346,80,1,749,KNP415,SUMM1,14
B0635,Hourly,2022-11-04,2022-04-23,Failed,2022-06-11,46,155,112,232,NXW774,LYAL1,23
B0636,Daily,2022-09-17,2022-04-07,Failed,2022-04-20,521,73,169,314,LRW561,CLREN,10
B0637,Hourly,2022-09-20,2022-04-16,Booked,2022-04-07,549,111,47,411,RBN435,LYAL1,12
B0638,Daily,2022-12-18,2022-04-27,Failed,2022-05-18,475,119,153,957,RGW409,BDAY5,23
B0639,Daily,2022-11-09,2022-05-05,Failed,2022-04-09,249,148,102,605,DZK109,HOLI5,7
B0640,Daily,2023-03-01,2022-06-10,Failed,2022-07-01,692,47,10,662,ZJM142,BDAY5,16
B0641,Hourly,2022-08-06,2022-06-08,Failed,2022-06-28,581,12,45,394,PVG685,SUMM1,26
B0642,Daily,2022-11-21,2022-05-05,Pending,2022-04-23,110,90,111,706,GXM423,BGDL3,21
B0643,Hourly,2022-10-23,2022-06-20,Pending,2022-05-03,529,18,72,579,IWF141,MEG15,23
B0644,Daily,2023-03-22,2022-04-16,Booked,2022-05-15,360,165,136,877,OKJ692,LYAL1,24
B0645,Daily,2022-09-25,2022-05-25,Pending,2022-05-21,563,104,14,470,WCM697,NEWCU5,12
B0646,Hourly,2022-07-15,2022-05-08,Booked,2022-04-17,71,116,49,320,LIT644,HOLI5,7
B0647,Hourly,2022-07-02,2022-04-07,Pending,2022-04-27,56,148,145,502,DTR384,MEG15,27
B0648,Hourly,2022-10-17,2022-04-30,Pending,2022-05-04,34,170,138,809,GXM423,BDAY5,15
B0649,Hourly,2022-10-21,2022-05-13,Booked,2022-05-22,264,37,97,444,QBK659,SUMM1,21
B0650,Daily,2022-10-18,2022-05-05,Pending,2022-06-18,98,30,169,513,XFZ323,MEG15,7
B0651,Hourly,2022-07-02,2022-04-13,Booked,2022-05-01,510,35,48,274,QBM787,CLREN,6
B0652,Hourly,2023-02-09,2022-06-30,Booked,2022-04-06,87,55,16,124,PIM968,FALL2,17
B0653,Hourly,2022-11-15,2022-04-17,Failed,2022-04-26,43,153,156,789,XLF831,MEG15,25
B0654,Hourly,2022-09-02,2022-06-26,Booked,2022-05-16,140,18,12,671,DNV803,NEWCU5,19
B0655,Daily,2022-06-27,2022-06-07,Failed,2022-06-21,114,8,131,758,GWI475,SUMM1,17
B0656,Hourly,2022-09-01,2022-05-14,Pending,2022-06-03,320,54,102,470,KNP415,SUMM1,16
B0657,Hourly,2022-11-24,2022-04-25,Pending,2022-05-04,39,147,145,511,OFS322,LONG1,25
B0658,Daily,2022-08-05,2022-06-20,Failed,2022-04-05,345,128,58,775,ACI468,LONG1,29
B0659,Hourly,2022-06-27,2022-04-11,Booked,2022-04-17,645,169,11,635,GHD112,SPG15,15
B0660,Hourly,2022-09-19,2022-04-06,Failed,2022-05-10,539,163,107,868,XLF831,NEWCU5,24
B0661,Daily,2023-03-27,2022-05-15,Failed,2022-05-08,509,47,80,275,RBO233,LYAL1,15
B0662,Hourly,2023-01-29,2022-05-20,Booked,2022-05-15,678,64,70,663,NES222,LYAL1,7
B0663,Daily,2022-12-16,2022-05-16,Booked,2022-06-05,121,2,119,741,RIW951,LONG1,26
B0664,Hourly,2022-09-06,2022-05-21,Pending,2022-04-10,459,100,73,499,OFS322,WELC5,5
B0665,Hourly,2023-03-07,2022-05-13,Failed,2022-05-29,415,32,116,922,ZZG439,BDLE1,11
B0666,Hourly,2022-10-16,2022-06-29,Pending,2022-06-02,617,102,85,848,JJY573,WELC5,12
B0667,Daily,2023-03-17,2022-04-08,Failed,2022-04-07,458,98,146,850,QBK947,LYAL1,28
B0668,Hourly,2022-12-21,2022-04-19,Pending,2022-05-31,497,118,75,923,JEV702,WELC5,23
B0669,Daily,2022-06-10,2022-05-04,Booked,2022-05-30,198,95,154,88,QVL209,BDAY5,8
B0670,Daily,2022-12-02,2022-05-28,Booked,2022-06-10,489,126,142,989,ECY524,,28
B0671,Hourly,2023-03-09,2022-04-10,Failed,2022-06-09,46,47,13,644,IFQ954,,4
B0672,Hourly,2022-04-06,2022-04-28,Pending,2022-04-05,667,123,127,911,ZZG439,,11
B0673,Hourly,2023-03-19,2022-04-09,Booked,2022-04-27,25,59,146,457,IDR318,,18
B0674,Hourly,2022-07-28,2022-05-04,Booked,2022-04-16,673,58,97,978,JJY573,,23
B0675,Daily,2022-08-02,2022-05-18,Booked,2022-05-22,63,140,172,605,HBO741,,2
B0676,Hourly,2022-09-09,2022-06-07,Pending,2022-06-20,531,20,158,282,GWI475,,12
B0677,Daily,2023-02-28,2022-04-21,Pending,2022-06-07,365,166,34,776,GVB365,,17
B0678,Daily,2022-09-19,2022-06-26,Pending,2022-05-31,677,72,139,312,OPD913,,22
B0679,Hourly,2023-03-18,2022-05-13,Failed,2022-05-24,511,4,143,406,GVB365,,29
B0680,Daily,2022-11-08,2022-04-11,Failed,2022-06-14,458,165,14,784,XGS868,,20
B0681,Daily,2023-02-06,2022-04-11,Booked,2022-06-08,135,109,56,359,POQ551,,11
B0682,Hourly,2022-08-15,2022-05-10,Failed,2022-06-12,613,26,5,373,DYA255,,26
B0683,Hourly,2022-11-30,2022-05-12,Booked,2022-05-24,121,94,13,648,GWI475,,29
B0684,Hourly,2023-03-25,2022-05-12,Booked,2022-05-27,228,96,1,838,RGW409,LONG1,1
B0685,Hourly,2023-03-20,2022-04-24,Pending,2022-04-23,219,30,160,670,DNV803,BDAY5,29
B0686,Hourly,2022-06-11,2022-06-15,Pending,2022-04-03,342,114,91,937,PUC722,SAV30,19
B0687,Hourly,2022-06-19,2022-04-13,Booked,2022-06-21,497,13,154,11,DTR384,SPG15,24
B0688,Hourly,2022-06-27,2022-04-13,Pending,2022-05-16,261,99,150,282,DYA255,CLREN,16
B0689,Hourly,2023-03-12,2022-05-17,Failed,2022-06-17,177,58,51,14,NXW774,BGDL3,5
B0690,Daily,2023-03-18,2022-04-04,Pending,2022-05-25,205,33,153,236,KHQ945,NEWCU5,8
B0691,Hourly,2022-05-29,2022-04-21,Booked,2022-04-25,181,67,170,841,DTR384,LYAL1,20
B0692,Hourly,2022-08-21,2022-04-02,Failed,2022-06-26,396,20,41,423,KTJ572,SAV30,3
B0693,Hourly,2022-09-18,2022-04-20,Failed,2022-06-24,536,38,3,598,UQG364,DISC5,27
B0694,Hourly,2022-10-16,2022-05-24,Pending,2022-05-24,549,122,128,504,KBX572,CLREN,29
B0695,Daily,2022-08-07,2022-06-13,Booked,2022-05-19,619,129,155,268,LIT644,BGDL3,21
B0696,Daily,2023-03-31,2022-05-12,Booked,2022-06-08,478,50,165,736,UJP407,HOLI5,19
B0697,Hourly,2022-05-16,2022-05-13,Booked,2022-05-09,683,128,18,294,OKJ692,SPG15,29
B0698,Hourly,2022-11-14,2022-04-08,Pending,2022-04-22,30,149,18,113,OAC224,LYAL1,2
B0699,Daily,2022-11-14,2022-05-05,Pending,2022-05-18,173,83,135,564,QPH261,WELC5,20
B0700,Daily,2023-03-01,2022-06-27,Pending,2022-06-29,190,81,49,581,GHD112,DISC5,2
B0701,Daily,2023-02-22,2022-04-19,Failed,2022-06-27,596,68,35,121,MWE134,BDAY5,11
B0702,Daily,2022-08-03,2022-05-16,Booked,2022-04-22,668,58,57,78,RIW951,CLREN,13
B0703,Daily,2022-08-30,2022-04-08,Booked,2022-06-06,455,137,129,815,GIH818,SUMM1,2
B0704,Hourly,2023-02-01,2022-06-13,Failed,2022-05-06,271,77,68,350,LRW561,FALL2,11
B0705,Daily,2022-10-05,2022-06-24,Booked,2022-06-06,75,119,95,101,TEB936,CLREN,1
B0706,Hourly,2022-07-02,2022-06-26,Pending,2022-04-28,27,126,153,336,XEP774,DISC5,1
B0707,Hourly,2022-04-02,2022-05-07,Booked,2022-04-29,147,23,91,260,DNB147,LYAL1,27
B0708,Hourly,2022-05-05,2022-05-10,Pending,2022-06-27,335,172,110,922,NUW924,FALL2,28
B0709,Daily,2022-08-06,2022-05-30,Pending,2022-04-29,209,23,86,960,IFQ954,SUMM1,7
B0710,Hourly,2022-05-28,2022-06-24,Failed,2022-06-16,264,134,34,435,NUW924,SPG15,14
B0711,Daily,2023-03-28,2022-06-30,Failed,2022-06-11,522,124,9,272,LRW561,MEG15,26
B0712,Daily,2022-12-31,2022-04-13,Pending,2022-06-15,402,116,139,1008,DNV803,NEWCU5,15
B0713,Daily,2023-01-16,2022-06-17,Pending,2022-04-06,590,76,72,32,RBN435,WELC5,6
B0714,Hourly,2023-02-26,2022-04-02,Pending,2022-06-22,478,121,33,670,KTJ572,SPG15,26
B0715,Hourly,2023-01-26,2022-04-12,Pending,2022-04-17,526,172,101,109,MWE134,HOLI5,21
B0716,Hourly,2022-07-24,2022-06-09,Pending,2022-06-26,387,150,61,315,TQT781,MEG15,11
B0717,Hourly,2022-06-15,2022-04-16,Pending,2022-05-05,229,147,118,90,KTJ572,DISC5,26
B0718,Hourly,2023-01-27,2022-06-22,Booked,2022-06-25,447,148,144,997,QBK659,SUMM1,21
B0719,Daily,2022-08-08,2022-05-09,Pending,2022-06-21,46,63,150,112,WCM697,SUMM1,7
B0720,Hourly,2022-11-10,2022-05-03,Pending,2022-04-23,492,14,77,739,TPU384,WELC5,6
B0721,Daily,2022-10-16,2022-06-13,Pending,2022-06-21,370,4,84,637,MEN995,HOLI5,1
B0722,Daily,2022-06-25,2022-04-14,Pending,2022-05-14,329,56,35,784,RIW951,FALL2,2
B0723,Daily,2023-03-08,2022-06-26,Pending,2022-05-24,46,135,84,142,PUC722,MEG15,14
B0724,Daily,2023-03-12,2022-05-22,Pending,2022-06-16,418,172,142,142,MEN995,HOLI5,17
B0725,Hourly,2022-07-03,2022-04-28,Failed,2022-05-02,498,39,148,159,KAH571,HOLI5,20
B0726,Hourly,2022-09-03,2022-04-10,Failed,2022-07-01,491,45,142,456,QNL780,SUMM1,5
B0727,Hourly,2022-06-07,2022-05-23,Pending,2022-06-19,642,9,48,315,MLK542,FALL2,5
B0728,Hourly,2022-09-23,2022-05-28,Failed,2022-05-31,454,55,82,645,DNV803,MEG15,10
B0729,Hourly,2023-02-17,2022-04-16,Failed,2022-04-20,479,36,120,914,UYH459,SPG15,1
B0730,Daily,2022-07-18,2022-06-11,Booked,2022-05-07,335,124,81,867,OBC497,CLREN,8
B0731,Daily,2022-08-09,2022-05-10,Failed,2022-04-13,629,164,92,631,IAO713,SPG15,10
B0732,Hourly,2022-09-15,2022-04-28,Failed,2022-04-23,134,43,49,468,TEB936,CLREN,28
B0733,Daily,2022-12-10,2022-06-21,Booked,2022-05-22,118,140,148,392,IDR318,HOLI5,27
B0734,Daily,2022-10-12,2022-05-05,Failed,2022-05-10,684,27,113,675,OFS322,FALL2,29
B0735,Hourly,2022-06-19,2022-05-15,Pending,2022-06-15,423,142,118,60,KHQ945,BGDL3,3
B0736,Daily,2022-09-23,2022-06-10,Failed,2022-05-29,309,70,142,726,OFX221,LONG1,29
B0737,Daily,2023-01-21,2022-05-27,Failed,2022-04-23,431,15,120,882,MLK542,SAV30,24
B0738,Hourly,2022-12-22,2022-05-11,Pending,2022-06-16,368,168,157,150,XFZ323,BDLE1,17
B0739,Daily,2022-05-02,2022-05-16,Failed,2022-06-12,264,145,152,336,OFS322,LONG1,22
B0740,Daily,2022-12-10,2022-04-29,Booked,2022-05-26,264,29,77,128,QVL209,BGDL3,18
B0741,Hourly,2022-10-31,2022-05-24,Failed,2022-05-31,544,151,56,1021,IFQ954,BGDL3,22
B0742,Daily,2022-08-19,2022-05-27,Pending,2022-05-29,61,28,57,908,ZZG439,FALL2,10
B0743,Hourly,2023-02-18,2022-06-09,Failed,2022-05-17,489,131,96,136,BAW412,BDLE1,8
B0744,Daily,2022-07-08,2022-05-08,Pending,2022-05-14,314,114,113,613,UJP407,LYAL1,21
B0745,Hourly,2023-02-16,2022-06-20,Booked,2022-05-11,483,68,95,290,ZJM142,MEG15,8
B0746,Daily,2022-10-09,2022-05-10,Pending,2022-06-01,540,9,3,76,JEV702,NEWCU5,5
B0747,Daily,2022-08-21,2022-06-28,Pending,2022-05-09,204,127,47,711,LAO563,,15
B0748,Hourly,2022-04-23,2022-05-01,Booked,2022-06-12,245,5,118,315,XFZ323,,5
B0749,Hourly,2023-01-22,2022-06-28,Booked,2022-06-07,519,83,165,899,OAM406,,4
B0750,Hourly,2022-08-21,2022-05-13,Failed,2022-04-14,414,100,99,892,QBK947,,25
B0751,Hourly,2023-02-18,2022-06-02,Pending,2022-05-14,257,64,169,542,HBO741,,8
B0752,Daily,2022-10-06,2022-05-02,Pending,2022-06-21,47,102,3,604,ACI468,,8
B0753,Daily,2022-10-13,2022-06-02,Booked,2022-04-03,392,155,86,64,KDC330,,20
B0754,Daily,2022-04-09,2022-05-05,Failed,2022-05-28,567,167,111,343,AXC586,,24
B0755,Hourly,2023-03-28,2022-04-09,Pending,2022-06-26,263,146,68,448,OAC224,,2
B0756,Daily,2022-11-21,2022-06-12,Pending,2022-05-15,393,103,2,244,BDI534,,2
B0757,Hourly,2023-01-11,2022-05-23,Failed,2022-04-07,554,101,136,748,HJL508,,27
B0758,Hourly,2022-12-02,2022-04-11,Failed,2022-06-25,538,146,44,514,KTJ572,,21
B0759,Daily,2022-10-17,2022-06-06,Failed,2022-06-13,189,105,9,584,BAX184,,19
B0760,Daily,2023-02-21,2022-04-20,Failed,2022-05-09,588,65,114,873,TPU384,,22
B0761,Hourly,2022-04-21,2022-05-22,Failed,2022-06-05,586,145,122,967,XFZ323,,13
B0762,Hourly,2022-05-12,2022-06-27,Failed,2022-04-30,25,139,58,931,DZK109,,26
B0763,Daily,2022-09-03,2022-06-06,Failed,2022-04-20,634,127,169,191,XGS868,SAV30,7
B0764,Hourly,2022-09-13,2022-06-30,Booked,2022-05-16,615,54,68,80,TPU384,NEWCU5,11
B0765,Daily,2022-06-07,2022-05-12,Failed,2022-05-14,251,110,71,163,ACI468,BDAY5,22
B0766,Hourly,2023-01-25,2022-05-01,Pending,2022-06-16,186,123,103,946,ZMN380,BGDL3,20
B0767,Hourly,2023-02-08,2022-06-17,Failed,2022-06-25,402,64,115,227,XLF831,MEG15,5
B0768,Hourly,2022-08-03,2022-06-07,Pending,2022-05-25,207,111,6,58,KBX572,LYAL1,2
B0769,Daily,2023-01-30,2022-07-01,Pending,2022-04-30,319,144,143,309,IFQ954,DISC5,15
B0770,Daily,2022-10-29,2022-06-01,Failed,2022-06-13,515,109,38,170,KCE336,BGDL3,23
B0771,Hourly,2022-11-20,2022-06-26,Pending,2022-05-29,670,108,81,777,TEB936,BGDL3,12
B0772,Daily,2022-10-25,2022-04-14,Booked,2022-04-27,183,140,172,695,HJL508,LYAL1,5
B0773,Hourly,2022-05-14,2022-04-27,Pending,2022-06-30,82,47,111,314,ZJM142,BGDL3,27
B0774,Daily,2023-01-29,2022-04-05,Failed,2022-04-22,129,29,166,786,XLF831,HOLI5,25
B0775,Daily,2022-04-21,2022-04-08,Booked,2022-05-16,39,77,53,669,QVL209,SAV30,6
B0776,Hourly,2022-10-09,2022-05-08,Pending,2022-05-20,125,112,3,743,PIM968,HOLI5,13
B0777,Daily,2022-09-23,2022-04-24,Pending,2022-06-16,250,25,40,677,WXZ118,BDAY5,6
B0778,Daily,2023-01-11,2022-06-21,Pending,2022-06-28,684,130,89,262,KBX572,DISC5,21
B0779,Daily,2022-07-04,2022-06-27,Failed,2022-05-25,198,122,121,627,AEI379,WELC5,26
B0780,Daily,2022-09-24,2022-06-06,Failed,2022-06-15,360,154,162,538,SEH820,BDLE1,10
B0781,Daily,2022-08-23,2022-05-06,Booked,2022-06-08,170,73,74,546,MWE134,SPG15,7
B0782,Daily,2022-07-09,2022-06-04,Failed,2022-05-06,165,168,10,979,VLQ334,HOLI5,3
B0783,Daily,2023-01-10,2022-05-05,Booked,2022-06-10,69,113,107,657,LRW561,FALL2,28
B0784,Hourly,2022-09-19,2022-05-19,Booked,2022-04-18,480,36,17,978,DZK109,LYAL1,14
B0785,Daily,2022-05-06,2022-04-15,Booked,2022-04-30,644,48,98,531,RIW951,SUMM1,25
B0786,Daily,2022-10-07,2022-04-19,Pending,2022-06-05,484,132,128,508,NWP420,BGDL3,4
B0787,Daily,2022-04-11,2022-05-30,Failed,2022-04-02,523,43,82,89,KNP415,BDLE1,29
B0788,Hourly,2022-07-01,2022-04-29,Booked,2022-05-11,483,105,80,354,OFX221,FALL2,26
B0789,Daily,2023-02-05,2022-06-22,Booked,2022-06-17,252,149,109,130,IAO713,CLREN,24
B0790,Daily,2022-11-29,2022-04-29,Pending,2022-05-26,405,54,164,954,NWP420,BDLE1,21
B0791,Hourly,2023-03-19,2022-04-30,Failed,2022-05-10,78,22,122,455,QNL780,BDLE1,19
B0792,Hourly,2022-09-19,2022-04-09,Booked,2022-04-23,200,144,68,582,LIT644,SPG15,14
B0793,Daily,2022-08-16,2022-06-21,Failed,2022-06-10,260,50,81,795,HJL508,DISC5,25
B0794,Daily,2022-07-27,2022-06-01,Failed,2022-06-05,499,108,40,195,DNV803,FALL2,18
B0795,Hourly,2022-04-07,2022-04-20,Pending,2022-05-31,113,27,113,297,QUL270,NEWCU5,7
B0796,Daily,2022-07-12,2022-06-04,Failed,2022-05-21,557,90,105,822,OFX221,BDLE1,11
B0797,Hourly,2022-06-17,2022-05-15,Booked,2022-05-26,534,19,23,98,TZC576,NEWCU5,26
B0798,Hourly,2022-11-19,2022-06-02,Pending,2022-06-18,576,159,112,505,TPU384,NEWCU5,13
B0799,Hourly,2022-07-14,2022-05-09,Failed,2022-04-06,325,133,153,345,RBN435,BDAY5,7
B0800,Hourly,2022-12-20,2022-06-27,Pending,2022-05-01,417,116,23,43,OKJ692,SPG15,12
B0801,Hourly,2022-04-03,2022-05-21,Booked,2022-06-20,70,109,158,77,RBO233,MEG15,7
B0802,Daily,2022-10-15,2022-05-31,Failed,2022-04-27,356,92,168,689,KCE336,BDLE1,3
B0803,Hourly,2023-03-22,2022-06-10,Pending,2022-07-01,499,23,97,46,RBN435,MEG15,17
B0804,Daily,2022-05-06,2022-05-13,Booked,2022-04-04,295,25,111,680,QUL270,,10
B0805,Daily,2022-11-03,2022-06-17,Booked,2022-04-25,660,28,34,875,TEB936,,12
B0806,Hourly,2022-07-28,2022-05-19,Pending,2022-04-15,175,51,123,634,DEY262,,24
B0807,Daily,2022-07-27,2022-06-26,Pending,2022-04-03,200,10,63,571,PUC722,,16
B0808,Daily,2022-08-17,2022-04-23,Failed,2022-05-09,57,158,62,762,JJY573,,13
B0809,Daily,2022-06-14,2022-04-17,Failed,2022-04-17,235,32,7,568,GIH818,,16
B0810,Hourly,2022-05-31,2022-06-02,Pending,2022-05-16,385,131,51,794,LRW561,,24
B0811,Hourly,2022-11-07,2022-05-28,Failed,2022-07-01,290,124,36,741,PIM968,,20
B0812,Daily,2022-05-07,2022-06-18,Pending,2022-04-15,202,41,135,410,BAW412,,4
B0813,Daily,2023-03-29,2022-04-12,Failed,2022-06-20,43,128,157,413,TEB936,,6
B0814,Daily,2022-04-20,2022-04-03,Failed,2022-04-04,621,55,77,398,YUD309,,15
B0815,Daily,2023-01-10,2022-04-04,Booked,2022-04-25,538,99,118,810,RIW951,,1
B0816,Daily,2022-12-23,2022-04-26,Pending,2022-05-22,148,167,4,978,PTM160,,20
B0817,Hourly,2023-03-31,2022-06-22,Booked,2022-04-20,406,98,71,376,ECY524,,7
B0818,Daily,2022-05-31,2022-06-13,Booked,2022-05-28,396,100,88,111,ACI468,LONG1,16
B0819,Hourly,2022-12-08,2022-05-31,Booked,2022-04-26,461,109,88,429,TVG307,LONG1,26
B0820,Daily,2022-06-13,2022-06-18,Pending,2022-04-19,370,108,86,421,KBX572,NEWCU5,11
B0821,Hourly,2022-12-01,2022-06-21,Pending,2022-05-25,305,99,97,950,OIC535,HOLI5,5
B0822,Daily,2022-09-10,2022-05-28,Failed,2022-05-31,660,32,126,418,RGW409,HOLI5,12
B0823,Daily,2023-01-18,2022-05-16,Booked,2022-06-25,605,68,80,361,XLF831,BGDL3,26
B0824,Hourly,2022-05-01,2022-05-31,Failed,2022-05-03,169,105,65,608,TEB936,HOLI5,4
B0825,Daily,2022-12-08,2022-04-15,Pending,2022-06-09,273,96,151,1009,TEB936,BGDL3,6
B0826,Hourly,2023-02-07,2022-06-10,Failed,2022-05-18,192,169,110,848,KCE336,HOLI5,24
B0827,Daily,2023-01-18,2022-04-15,Booked,2022-04-14,595,92,109,810,OAC224,HOLI5,10
B0828,Daily,2022-07-03,2022-04-03,Booked,2022-06-12,268,148,65,308,TJS209,HOLI5,5
B0829,Hourly,2023-03-19,2022-06-25,Pending,2022-04-29,403,99,126,405,OFX221,LYAL1,20
B0830,Hourly,2022-06-01,2022-05-31,Failed,2022-06-14,172,122,98,132,KTJ572,MEG15,19
B0831,Daily,2022-06-16,2022-05-19,Booked,2022-05-28,139,85,36,533,VLQ334,DISC5,1
B0832,Hourly,2022-06-14,2022-05-22,Failed,2022-04-28,410,87,39,40,DFU652,MEG15,27
B0833,Daily,2022-09-02,2022-04-05,Failed,2022-04-25,647,5,168,202,SEH820,BGDL3,19
B0834,Hourly,2022-07-23,2022-04-10,Booked,2022-04-03,678,114,108,1008,OIC535,BDLE1,13
B0835,Hourly,2022-07-13,2022-05-26,Pending,2022-05-15,670,34,37,175,OAM406,NEWCU5,29
B0836,Hourly,2022-11-15,2022-04-22,Booked,2022-06-13,298,165,135,499,NES222,LONG1,11
B0837,Daily,2023-03-10,2022-05-27,Pending,2022-04-05,201,10,79,311,HRD204,SPG15,3
B0838,Hourly,2022-04-27,2022-05-22,Booked,2022-04-02,259,147,124,854,TQT781,HOLI5,4
B0839,Hourly,2023-01-25,2022-06-15,Failed,2022-05-10,658,38,96,768,MWE134,CLREN,25
B0840,Hourly,2022-09-06,2022-04-28,Failed,2022-04-28,138,69,23,755,TPU384,FALL2,24
B0841,Daily,2022-12-18,2022-04-30,Booked,2022-05-12,157,119,66,16,AEI379,BGDL3,15
B0842,Daily,2022-06-20,2022-04-26,Booked,2022-07-01,519,8,168,494,XFZ323,SAV30,27
B0843,Daily,2022-12-14,2022-05-18,Booked,2022-06-18,429,51,100,176,RBN435,SUMM1,17
B0844,Daily,2022-04-12,2022-06-05,Pending,2022-05-24,317,150,20,30,TRY861,HOLI5,4
B0845,Hourly,2023-02-09,2022-06-04,Pending,2022-04-23,442,28,25,884,TQT781,BDLE1,7
B0846,Hourly,2022-08-02,2022-06-04,Failed,2022-04-17,254,31,81,888,ECY524,LYAL1,3
B0847,Daily,2022-10-20,2022-06-13,Failed,2022-04-02,216,133,3,849,AEI379,SAV30,22
B0848,Hourly,2022-08-15,2022-05-20,Pending,2022-05-31,214,17,88,640,JEV702,BDAY5,8
B0849,Daily,2022-12-18,2022-05-26,Booked,2022-06-21,53,12,10,185,UJP407,MEG15,27
B0850,Hourly,2023-03-08,2022-07-01,Booked,2022-04-16,489,162,35,412,QBM787,SPG15,3
B0851,Hourly,2022-12-11,2022-06-30,Booked,2022-05-27,418,119,114,134,DTR384,BGDL3,3
B0852,Hourly,2022-08-18,2022-04-10,Pending,2022-06-01,351,17,126,115,MEN995,SAV30,23
B0853,Daily,2022-04-27,2022-06-17,Booked,2022-06-18,633,43,29,775,NES222,BDLE1,26
B0854,Hourly,2022-08-14,2022-05-28,Pending,2022-04-20,564,50,65,787,PVG685,WELC5,3
B0855,Daily,2022-05-04,2022-06-20,Failed,2022-05-29,89,82,75,673,IDR318,LYAL1,28
B0856,Hourly,2023-03-21,2022-05-06,Pending,2022-06-26,286,123,91,840,KNP415,NEWCU5,1
B0857,Daily,2022-06-10,2022-05-04,Failed,2022-05-03,629,152,171,251,HJL508,BGDL3,5
B0858,Hourly,2022-04-28,2022-05-06,Pending,2022-04-11,589,154,1,985,RBO233,SPG15,28
B0859,Daily,2023-01-06,2022-06-22,Booked,2022-04-05,489,164,2,853,JJY573,BDLE1,7
B0860,Daily,2022-11-28,2022-06-10,Failed,2022-05-23,77,56,8,390,IAO713,SAV30,21
B0861,Hourly,2022-07-03,2022-05-08,Pending,2022-06-25,45,149,159,720,TEB936,LONG1,12
B0862,Hourly,2022-04-08,2022-04-19,Pending,2022-04-03,194,19,42,99,OPD913,LYAL1,28
B0863,Daily,2022-09-13,2022-04-02,Booked,2022-06-04,404,169,36,666,OAC224,DISC5,28
B0864,Daily,2023-02-17,2022-05-02,Booked,2022-04-23,65,115,25,383,LBZ156,CLREN,19
B0865,Daily,2022-06-05,2022-06-11,Failed,2022-05-21,654,26,60,579,KAH571,BDAY5,19
B0866,Hourly,2022-08-21,2022-04-22,Booked,2022-06-22,513,4,27,47,XGS868,SUMM1,5
B0867,Hourly,2022-05-17,2022-05-08,Pending,2022-05-16,230,128,62,769,YUD309,LONG1,10
B0868,Hourly,2023-01-14,2022-06-02,Failed,2022-06-30,341,139,14,977,XLF831,FALL2,29
B0869,Daily,2023-01-05,2022-07-01,Failed,2022-06-01,213,66,139,804,JJY573,SUMM1,5
B0870,Hourly,2022-12-14,2022-07-01,Failed,2022-04-03,418,69,15,523,DNB147,BGDL3,24
B0871,Daily,2022-06-06,2022-04-07,Pending,2022-04-21,111,16,154,513,DYA255,DISC5,26
B0872,Daily,2023-01-17,2022-06-18,Pending,2022-06-30,647,91,56,833,WCM697,FALL2,3
B0873,Hourly,2023-03-20,2022-04-23,Booked,2022-05-07,413,19,73,968,XNU375,NEWCU5,22
B0874,Hourly,2022-09-11,2022-05-23,Failed,2022-05-30,571,67,141,741,LBZ156,BDAY5,14
B0875,Hourly,2022-04-09,2022-04-11,Booked,2022-05-06,300,125,167,593,PUC722,DISC5,19
B0876,Hourly,2023-02-04,2022-05-31,Booked,2022-04-21,603,75,143,984,RBN435,SAV30,16
B0877,Hourly,2022-12-25,2022-06-24,Pending,2022-04-04,153,113,15,772,NWP420,SUMM1,1
B0878,Daily,2023-03-04,2022-04-08,Failed,2022-04-25,121,108,163,393,GIH818,LONG1,4
B0879,Daily,2022-04-17,2022-06-11,Failed,2022-05-10,398,102,53,300,XNU375,LYAL1,18
B0880,Hourly,2023-02-14,2022-05-24,Failed,2022-06-26,595,17,92,348,ZMN380,LYAL1,29
B0881,Hourly,2022-09-24,2022-04-18,Failed,2022-05-06,462,100,58,514,TVG307,MEG15,14
B0882,Hourly,2022-08-12,2022-06-20,Pending,2022-05-12,416,49,165,886,IDR318,NEWCU5,4
B0883,Daily,2023-01-28,2022-04-27,Failed,2022-06-01,101,80,54,562,XLF831,BDAY5,4
B0884,Hourly,2022-10-06,2022-06-13,Booked,2022-05-04,268,63,69,876,KTJ572,FALL2,29
B0885,Daily,2023-03-19,2022-04-12,Pending,2022-04-02,95,59,169,786,POQ551,DISC5,18
B0886,Daily,2022-10-06,2022-06-18,Pending,2022-04-02,516,99,137,884,GVB365,,19
B0887,Hourly,2022-07-11,2022-05-24,Pending,2022-06-22,618,70,172,444,NUW924,,2
B0888,Daily,2023-03-27,2022-06-14,Failed,2022-05-13,228,37,19,846,OFX221,,5
B0889,Daily,2022-07-13,2022-06-06,Pending,2022-04-21,419,93,27,144,TRY861,,26
B0890,Daily,2022-12-31,2022-06-20,Pending,2022-04-07,561,26,49,460,TZC576,,3
B0891,Hourly,2022-10-15,2022-04-29,Pending,2022-05-05,159,30,12,359,DZK109,,15
B0892,Hourly,2022-08-10,2022-04-15,Failed,2022-04-14,576,149,91,852,JEV702,,10
B0893,Daily,2022-05-29,2022-06-23,Pending,2022-04-26,400,126,43,46,IAO713,,25
B0894,Hourly,2022-04-13,2022-06-13,Pending,2022-04-19,578,78,124,604,LIT644,,3
B0895,Hourly,2022-06-30,2022-06-09,Failed,2022-06-20,479,132,109,703,PUC722,,17
B0896,Hourly,2022-10-08,2022-05-17,Failed,2022-06-01,391,31,167,244,XEP774,,1
B0897,Hourly,2022-04-16,2022-06-01,Booked,2022-05-24,451,39,144,719,JEV702,,29
B0898,Daily,2023-03-06,2022-06-16,Pending,2022-05-19,604,114,93,354,KNP415,,6
B0899,Daily,2022-12-22,2022-04-16,Failed,2022-04-11,86,9,129,175,KNP415,DISC5,22
B0900,Hourly,2022-11-20,2022-05-08,Failed,2022-04-07,495,54,21,421,ECY524,SAV30,21
B0901,Daily,2022-05-04,2022-05-10,Booked,2022-05-13,632,40,15,364,DZK109,MEG15,21
B0902,Daily,2022-11-08,2022-05-16,Failed,2022-05-24,410,171,15,927,TPU384,LYAL1,18
B0903,Hourly,2022-09-22,2022-04-26,Failed,2022-06-05,415,148,90,789,ZMN380,BDLE1,18
B0904,Hourly,2023-03-20,2022-06-05,Booked,2022-06-11,147,68,149,867,GXM423,BDAY5,19
B0905,Hourly,2022-07-21,2022-06-15,Pending,2022-05-02,37,127,105,336,XEP774,SPG15,18
B0906,Hourly,2022-06-28,2022-04-16,Pending,2022-05-05,386,152,6,112,PTM160,SPG15,4
B0907,Hourly,2022-10-16,2022-06-13,Pending,2022-05-28,81,75,116,346,XNU375,BDLE1,14
B0908,Hourly,2022-12-17,2022-06-08,Failed,2022-06-08,516,57,40,422,DYA255,SUMM1,28
B0909,Daily,2023-03-21,2022-06-19,Failed,2022-05-12,537,135,39,25,GXM423,SAV30,2
B0910,Daily,2023-02-23,2022-04-13,Failed,2022-06-01,223,142,77,524,TRY861,DISC5,11
B0911,Daily,2023-04-01,2022-05-04,Pending,2022-06-13,369,24,30,69,GHD112,DISC5,29
B0912,Hourly,2022-07-23,2022-04-07,Pending,2022-04-04,48,72,74,333,ECY524,BGDL3,17
B0913,Daily,2023-02-06,2022-04-24,Failed,2022-06-26,142,54,86,670,OIC535,CLREN,8
B0914,Hourly,2023-01-05,2022-06-23,Booked,2022-06-20,118,171,79,238,IWF141,SAV30,27
B0915,Hourly,2022-10-04,2022-05-05,Booked,2022-06-03,161,141,50,940,HYI231,NEWCU5,18
B0916,Hourly,2022-06-08,2022-06-11,Pending,2022-06-17,467,69,97,783,QBK659,FALL2,24
B0917,Daily,2022-05-22,2022-05-12,Failed,2022-04-15,198,62,64,492,XGS868,SUMM1,9
B0918,Daily,2022-05-14,2022-05-25,Pending,2022-06-12,98,121,3,760,HLN542,BGDL3,3
B0919,Hourly,2022-07-20,2022-05-15,Pending,2022-04-17,235,119,17,649,HLN542,SPG15,21
B0920,Daily,2022-04-24,2022-06-08,Booked,2022-06-01,121,130,108,926,NUW924,FALL2,22
B0921,Daily,2022-04-27,2022-06-08,Failed,2022-06-15,250,4,151,970,OFX221,SPG15,12
B0922,Hourly,2022-11-11,2022-04-12,Pending,2022-04-18,665,29,63,507,RBN435,LONG1,8
B0923,Hourly,2022-10-17,2022-04-24,Failed,2022-05-12,237,35,109,218,GWI475,LONG1,16
B0924,Hourly,2022-11-29,2022-05-13,Booked,2022-05-01,584,148,21,279,KBX572,SUMM1,13
B0925,Daily,2022-11-20,2022-05-30,Booked,2022-06-04,496,46,163,455,QPH261,CLREN,17
B0926,Hourly,2023-02-10,2022-04-28,Pending,2022-04-12,127,164,73,675,MWE134,MEG15,22
B0927,Daily,2022-06-15,2022-06-30,Pending,2022-04-08,588,86,141,894,UQG364,HOLI5,25
B0928,Hourly,2022-05-17,2022-07-01,Pending,2022-05-01,611,22,58,883,XGS868,SPG15,11
B0929,Daily,2022-12-11,2022-04-16,Failed,2022-06-25,404,119,127,1007,IFQ954,SPG15,24
B0930,Daily,2022-04-24,2022-05-27,Booked,2022-05-05,430,114,141,159,DNB147,HOLI5,13
B0931,Daily,2022-07-09,2022-04-12,Failed,2022-04-11,427,172,12,1017,KTJ572,CLREN,2
B0932,Hourly,2022-07-24,2022-06-16,Failed,2022-05-26,634,87,128,683,KDC330,SAV30,13
B0933,Hourly,2022-06-06,2022-04-19,Pending,2022-05-15,393,168,48,69,KTJ572,LONG1,13
B0934,Daily,2022-12-09,2022-05-17,Failed,2022-06-30,473,15,138,773,ECY524,DISC5,22
B0935,Daily,2023-02-23,2022-04-13,Failed,2022-04-24,396,40,120,530,XEP774,SAV30,29
B0936,Daily,2022-10-26,2022-07-01,Failed,2022-05-12,457,139,163,36,QBK659,DISC5,23
B0937,Hourly,2022-12-23,2022-04-02,Failed,2022-07-01,399,19,107,16,RBN435,MEG15,13
B0938,Hourly,2023-03-10,2022-05-29,Pending,2022-04-10,152,4,151,749,QVL209,BDLE1,25
B0939,Hourly,2022-07-25,2022-05-05,Failed,2022-06-23,568,99,96,787,NUW924,SUMM1,29
B0940,Daily,2023-01-01,2022-05-31,Booked,2022-05-30,162,2,3,636,RGW409,BGDL3,11
B0941,Daily,2022-10-29,2022-04-30,Pending,2022-06-04,334,1,80,145,LRW561,WELC5,15
B0942,Daily,2023-02-21,2022-06-12,Failed,2022-05-27,207,75,115,148,RBN435,WELC5,24
B0943,Hourly,2023-01-13,2022-06-07,Failed,2022-06-03,311,132,16,796,MLK542,LYAL1,19
B0944,Hourly,2023-02-15,2022-05-18,Booked,2022-06-03,574,46,57,909,QBK947,LONG1,2
B0945,Daily,2023-02-19,2022-05-07,Pending,2022-04-24,678,136,43,421,YUD309,CLREN,28
B0946,Hourly,2022-06-09,2022-05-21,Failed,2022-05-30,295,39,21,172,TRY861,WELC5,13
B0947,Daily,2022-08-30,2022-04-20,Booked,2022-06-10,495,39,62,291,ZZG439,HOLI5,27
B0948,Hourly,2023-03-26,2022-06-07,Booked,2022-06-26,109,169,97,897,MLK542,SAV30,18
B0949,Hourly,2022-10-27,2022-06-21,Pending,2022-04-28,486,125,68,387,TZC576,LYAL1,13
B0950,Daily,2022-12-30,2022-04-13,Failed,2022-06-21,630,109,156,149,XLF831,LYAL1,2
B0951,Hourly,2022-12-15,2022-04-12,Failed,2022-05-13,133,149,156,167,DTR384,NEWCU5,17
B0952,Daily,2022-12-02,2022-05-09,Booked,2022-04-28,678,37,85,686,XFZ323,FALL2,19
B0953,Hourly,2022-08-26,2022-06-06,Pending,2022-05-31,257,58,119,794,KBX572,NEWCU5,25
B0954,Hourly,2022-05-15,2022-06-27,Booked,2022-04-26,198,1,107,36,HRD204,BDLE1,25
B0955,Hourly,2023-03-16,2022-06-07,Failed,2022-04-29,82,149,30,883,QBK659,BDLE1,17
B0956,Daily,2022-06-17,2022-06-02,Failed,2022-06-01,273,126,79,428,OFX221,WELC5,18
B0957,Hourly,2022-12-15,2022-04-03,Pending,2022-04-02,272,84,17,742,HJL508,SAV30,21
B0958,Hourly,2023-01-02,2022-05-19,Pending,2022-06-28,625,146,111,213,DTR384,WELC5,9
B0959,Daily,2022-09-14,2022-04-15,Pending,2022-05-14,380,20,172,605,BAX184,BGDL3,27
B0960,Hourly,2023-01-03,2022-04-02,Failed,2022-04-04,281,66,54,315,PUC722,FALL2,2
B0961,Daily,2023-01-13,2022-05-23,Pending,2022-05-01,278,123,47,1001,UJP407,WELC5,19
B0962,Daily,2022-06-29,2022-04-22,Booked,2022-05-08,649,87,122,787,SEH820,BDLE1,22
B0963,Hourly,2022-10-14,2022-06-12,Failed,2022-04-27,40,22,81,82,ACI468,DISC5,22
B0964,Hourly,2022-05-17,2022-04-12,Failed,2022-06-07,358,25,54,563,WCM697,SPG15,27
B0965,Hourly,2022-04-10,2022-05-23,Pending,2022-05-01,403,35,38,390,DFU652,BDLE1,8
B0966,Daily,2022-08-09,2022-04-18,Failed,2022-05-31,423,44,106,698,GIH818,CLREN,3
B0967,Daily,2022-12-08,2022-05-17,Pending,2022-05-06,517,31,96,653,DYA255,MEG15,25
B0968,Daily,2022-04-09,2022-04-12,Booked,2022-04-09,129,79,25,108,XLF831,CLREN,7
B0969,Hourly,2022-08-24,2022-05-21,Failed,2022-04-14,416,172,36,3,XGS868,LONG1,26
B0970,Daily,2022-08-07,2022-05-18,Booked,2022-04-14,247,144,142,380,DTR384,NEWCU5,8
B0971,Hourly,2022-12-19,2022-06-04,Failed,2022-04-29,214,128,165,82,UYH459,SUMM1,7
B0972,Daily,2022-08-27,2022-05-08,Pending,2022-06-24,448,53,9,936,DYA255,SUMM1,20
B0973,Daily,2022-04-14,2022-06-09,Booked,2022-05-15,64,3,149,838,JEV702,DISC5,18
B0974,Hourly,2022-07-02,2022-04-24,Failed,2022-06-14,604,142,141,53,QBK659,BDAY5,14
B0975,Hourly,2022-07-05,2022-04-25,Booked,2022-06-09,493,134,105,439,HBO741,WELC5,2
B0976,Daily,2022-12-22,2022-06-30,Failed,2022-05-01,582,4,151,115,KTJ572,NEWCU5,28
B0977,Hourly,2023-01-30,2022-06-28,Failed,2022-05-16,498,130,109,542,TEB936,,12
B0978,Daily,2022-05-20,2022-06-06,Pending,2022-04-06,304,140,141,483,OPD913,,24
B0979,Daily,2022-12-15,2022-04-09,Booked,2022-04-28,253,37,17,901,NWP420,,4
B0980,Hourly,2023-03-06,2022-05-29,Booked,2022-04-16,531,94,41,400,NUW924,,14
B0981,Daily,2022-08-10,2022-04-16,Booked,2022-04-18,509,7,53,458,POQ551,,27
B0982,Hourly,2022-10-08,2022-04-08,Booked,2022-06-30,249,166,70,45,AXC586,,6
B0983,Daily,2022-11-02,2022-04-22,Booked,2022-05-03,39,149,41,956,XGS868,,27
B0984,Daily,2022-04-26,2022-05-09,Booked,2022-05-12,580,11,43,84,RGW409,,17
B0985,Daily,2022-07-12,2022-04-15,Pending,2022-05-15,236,18,52,818,JJY573,,6
B0986,Daily,2022-12-08,2022-05-11,Pending,2022-05-12,238,2,32,341,OBC497,,8
B0987,Daily,2022-06-30,2022-06-22,Pending,2022-06-16,207,32,131,389,GXM423,,28
B0988,Hourly,2022-04-08,2022-04-15,Booked,2022-06-21,554,17,90,456,QNL780,,9
B0989,Hourly,2022-12-11,2022-06-11,Booked,2022-04-30,272,141,164,430,KAH571,,28
B0990,Hourly,2022-04-12,2022-04-23,Booked,2022-05-28,250,23,20,726,KDC330,SPG15,18
B0991,Daily,2022-11-13,2022-05-01,Failed,2022-05-28,219,89,140,850,NWP420,SPG15,6
B0992,Hourly,2022-06-04,2022-05-06,Booked,2022-05-23,170,126,167,324,TJS209,FALL2,15
B0993,Hourly,2022-11-28,2022-05-01,Pending,2022-05-07,472,49,166,514,GWI475,BDAY5,29
B0994,Daily,2022-07-27,2022-06-20,Booked,2022-06-08,554,83,3,268,DFU652,NEWCU5,16
B0995,Daily,2022-10-18,2022-05-27,Failed,2022-04-07,208,63,14,269,VLQ334,WELC5,5
B0996,Hourly,2022-05-30,2022-05-17,Pending,2022-05-26,87,72,117,741,MLK542,DISC5,21
B0997,Daily,2022-04-04,2022-05-29,Failed,2022-05-25,218,145,5,96,MWE134,LONG1,3
B0998,Hourly,2022-11-30,2022-04-06,Pending,2022-04-04,307,97,86,34,QUL270,BGDL3,26
B0999,Hourly,2023-03-22,2022-05-06,Booked,2022-05-25,363,23,71,789,BTK815,HOLI5,1
B1000,Hourly,2022-11-25,2022-04-25,Failed,2022-06-24,308,170,34,475,RGW409,FALL2,10
B1001,Hourly,2022-05-03,2022-04-25,Pending,2022-05-19,186,137,33,95,SEH820,SAV30,22
B1002,Daily,2022-04-07,2022-06-05,Failed,2022-04-28,129,74,38,547,TZC576,SPG15,7
B1003,Hourly,2022-10-20,2022-06-06,Failed,2022-05-07,622,155,74,40,TVG307,SAV30,23
B1004,Daily,2022-05-10,2022-05-14,Failed,2022-06-30,455,107,32,601,OBC497,SPG15,26
B1005,Hourly,2022-04-07,2022-05-30,Failed,2022-06-15,312,145,20,532,ZZG439,CLREN,26
B1006,Hourly,2022-06-29,2022-04-05,Pending,2022-04-23,605,23,65,437,OFS322,BDAY5,1
B1007,Daily,2023-01-19,2022-06-30,Pending,2022-04-20,460,149,157,829,HRD204,WELC5,4
B1008,Hourly,2022-07-11,2022-06-22,Failed,2022-06-19,107,35,62,727,MEN995,NEWCU5,22
B1009,Hourly,2022-04-07,2022-06-19,Booked,2022-05-17,464,72,137,323,PTM160,SUMM1,23
B1010,Daily,2022-07-19,2022-06-14,Failed,2022-04-10,631,169,113,146,XEP774,LYAL1,19
B1011,Daily,2022-11-09,2022-06-16,Failed,2022-05-23,615,100,106,313,OPD913,DISC5,7
