DL_Number,ValidTill,Verication,,,
W7050353,2027-09-27,V,,,
J1532897,2035-07-21,V,,,
T4023279,2029-05-04,V,,,
Y4229476,2035-09-28,V,,,
Y9991448,2031-02-06,V,,,
V7061552,2027-05-07,V,,,
X3187694,2025-09-18,V,,,
K9923168,2031-04-12,V,,,
D6738926,2027-06-04,V,,,
K4030432,2027-10-03,V,,,
C7363241,2034-03-19,V,,,
X1286524,2030-08-08,V,,,
X7259017,2026-01-17,V,,,
W2641730,2028-01-26,V,,,
Q8109252,2025-10-31,V,,,
J3855007,2027-03-22,V,,,
J4126696,2026-08-21,V,,,
N9603045,2029-01-28,V,,,
R9894770,2030-02-08,V,,,
D9032421,2033-08-09,V,,,
C7417097,2032-07-16,V,,,
Q1429821,2024-07-13,V,,,
O6779913,2023-02-23,I,,,
O4163038,2023-05-25,V,,,
F1947978,2033-02-28,V,,,
Z9018817,2032-01-08,V,,,
B7588360,2027-08-14,V,,,
Z3492338,2021-09-07,I,,,
D8333438,2034-11-26,V,,,
Z5270134,2025-08-26,V,,,
U4850364,2024-09-25,V,,,
G1927597,2027-09-16,V,,,
Z8843014,2024-02-10,V,,,
R1059996,2026-10-19,V,,,
K1892201,2021-04-23,I,,,
V2504225,2032-05-10,V,,,
H2999531,2024-03-14,V,,,
K3280164,2030-11-06,V,,,
A3096812,2021-03-26,I,,,
E7853325,2035-02-17,V,,,
O2774350,2021-09-19,I,,,
O4597704,2031-04-28,V,,,
G7092900,2024-10-02,V,,,
E2322511,2028-01-04,V,,,
H9984004,2025-05-07,V,,,
C2368359,2021-08-19,I,,,
E9900050,2025-06-17,V,,,
F3741702,2022-07-01,I,,,
B9548906,2030-04-19,V,,,
I4180427,2032-01-27,V,,,
C3311467,2032-02-11,V,,,
D8721819,2022-03-07,I,,,
B1475942,2027-11-07,V,,,
W2991697,2035-08-15,V,,,
O3848892,2029-01-07,V,,,
Q3487276,2032-08-09,V,,,
W2508819,2034-09-04,V,,,
U6128339,2030-08-04,V,,,
E3416765,2026-11-15,V,,,
U6250218,2025-01-26,V,,,
O1048402,2028-12-25,V,,,
X5926578,2022-11-11,I,,,
T8083608,2030-11-06,V,,,
E1173405,2026-08-19,V,,,
R2566527,2034-01-14,V,,,
K5617326,2024-10-30,V,,,
J1183233,2034-01-24,V,,,
S4478229,2031-05-29,V,,,
V8268581,2021-04-07,I,,,
L2791230,2023-05-11,V,,,
Z6388511,2029-10-16,V,,,
T8041527,2028-08-04,V,,,
R6174358,2028-12-16,V,,,
D2538621,2031-05-16,V,,,
T3413207,2031-09-23,V,,,
C8991244,2033-03-12,V,,,
V5619673,2021-04-11,I,,,
N9197144,2032-12-04,V,,,
S4076048,2034-02-25,V,,,
D3044500,2033-08-15,V,,,
H5597903,2021-08-25,I,,,
Y6741588,2031-10-28,V,,,
N7865617,2023-10-19,V,,,
E3744714,2035-06-06,V,,,
P9969537,2032-04-09,V,,,
L8555370,2023-05-07,V,,,
G1162336,2021-10-22,I,,,
O1629453,2033-03-16,V,,,
L7385337,2022-01-17,I,,,
H3597997,2031-02-19,V,,,
O8156174,2021-04-18,I,,,
U1804836,2025-03-09,V,,,
X1476567,2021-01-10,I,,,
U5016185,2035-07-09,V,,,
B6735504,2027-09-07,V,,,
U7571594,2029-01-23,V,,,
U3868577,2031-03-01,V,,,
W2548769,2021-10-06,I,,,
X9073501,2030-01-30,V,,,
B3979851,2025-09-02,V,,,
L5923863,2032-06-03,V,,,
S7159045,2035-03-27,V,,,
X1786793,2024-05-30,V,,,
W1894229,2028-01-10,V,,,
C6586600,2035-10-12,V,,,
O7354116,2024-03-06,V,,,
B2475590,2026-03-31,V,,,
O7073022,2024-04-10,V,,,
H8257031,2027-02-25,V,,,
T3051438,2031-03-30,V,,,
C4713044,2034-05-14,V,,,
M6061056,2028-02-19,V,,,
D8825055,2028-11-11,V,,,
N7485377,2030-09-04,V,,,
D5638758,2032-04-22,V,,,
K2056455,2024-07-20,V,,,
D6993859,2022-01-10,I,,,
K2262418,2031-03-14,V,,,
K8668697,2033-06-02,V,,,
C2634664,2023-07-17,V,,,
A3957634,2033-03-07,V,,,
N9445053,2026-07-18,V,,,
L5833406,2035-10-04,V,,,
L4757643,2028-03-29,V,,,
X2853391,2032-10-05,V,,,
V3602383,2025-06-10,V,,,
M2472897,2032-10-16,V,,,
U7790191,2033-03-03,V,,,
Z6660152,2035-02-22,V,,,
H7389058,2035-04-17,V,,,
I7326512,2027-10-28,V,,,
Q5758265,2030-03-05,V,,,
S8891972,2022-12-20,I,,,
O8563367,2024-01-14,V,,,
T1348928,2032-04-01,V,,,
B6049187,2028-09-12,V,,,
J2494922,2023-10-18,V,,,
K9184612,2027-10-14,V,,,
V5180983,2028-06-13,V,,,
E3892100,2030-06-30,V,,,
V7943693,2025-04-15,V,,,
W8859629,2027-10-18,V,,,
N4504555,2034-10-26,V,,,
H9388882,2025-05-03,V,,,
D3664478,2029-04-17,V,,,
X9383673,2026-01-05,V,,,
M3875322,2021-10-11,I,,,
E9562350,2023-05-13,V,,,
C7130362,2026-09-27,V,,,
F5232427,2027-07-25,V,,,
B5511468,2026-04-10,V,,,
C8804899,2024-01-19,V,,,
C4952280,2021-04-08,I,,,
B2391948,2024-09-20,V,,,
L9552548,2033-03-20,V,,,
J2804632,2028-09-28,V,,,
Q4965454,2021-06-08,I,,,
G4886306,2035-04-24,V,,,
F7226302,2033-01-23,V,,,
J2745315,2033-10-01,V,,,
M5862915,2035-07-04,V,,,
D5808869,2021-04-28,I,,,
T7789005,2033-02-28,V,,,
S9892365,2022-09-04,I,,,
L3014133,2033-10-22,V,,,
K2151263,2031-08-20,V,,,
T6508785,2030-10-25,V,,,
J7770105,2031-09-27,V,,,
Y7202503,2028-08-21,V,,,
O7211835,2029-09-01,V,,,
Z7372321,2024-03-28,V,,,
S3328845,2032-03-12,V,,,
B6970316,2035-01-03,V,,,
A1422174,2031-12-09,V,,,
H3657659,2023-08-26,V,,,
N8639645,2030-08-11,V,,,
J5854487,2029-11-05,V,,,
R5354495,2024-04-12,V,,,
B1147017,2034-12-20,V,,,
W5451021,2024-08-28,V,,,
N6983686,2025-11-22,V,,,
M6079236,2032-01-31,V,,,
P6225065,2026-10-20,V,,,
R6470721,2021-05-11,I,,,
S8826303,2029-09-16,V,,,
P6399829,2031-11-11,V,,,
I2612858,2035-11-24,V,,,
X7608901,2035-05-04,V,,,
O8010185,2025-08-11,V,,,
V5260153,2030-02-19,V,,,
Y2335653,2032-11-23,V,,,
L9072233,2031-04-26,V,,,
E3861887,2032-02-12,V,,,
O1600985,2025-12-24,V,,,
Q7216372,2025-01-11,V,,,
R6167510,2023-01-15,I,,,
M7087080,2032-07-05,V,,,
J5421204,2025-03-27,V,,,
Q7173717,2029-06-19,V,,,
G6699953,2022-07-14,I,,,
Q1589288,2025-06-11,V,,,
D9717289,2024-07-04,V,,,
E2440137,2033-09-03,V,,,
Y9272156,2025-05-08,V,,,
X7608980,2024-03-06,V,,,
R5261910,2031-11-25,V,,,
J5664984,2025-08-07,V,,,
U7465793,2024-04-02,V,,,
N6825562,2025-02-15,V,,,
W5310982,2024-07-07,V,,,
A4891517,2031-05-21,V,,,
F6199209,2033-10-16,V,,,
T8986590,2030-02-15,V,,,
T8901858,2033-06-28,V,,,
T6106383,2027-09-09,V,,,
T2445439,2029-05-17,V,,,
Z6004276,2035-12-07,V,,,
U3535060,2026-04-04,V,,,
I7622843,2030-08-11,V,,,
B6262914,2028-01-02,V,,,
N3554921,2025-12-06,V,,,
M9853326,2034-01-09,V,,,
G3617842,2024-07-29,V,,,
M7094332,2028-06-20,V,,,
H7691387,2024-05-20,V,,,
W9584174,2029-08-02,V,,,
M7044566,2027-03-24,V,,,
B1359455,2034-04-16,V,,,
H8362857,2027-11-29,V,,,
S2943909,2033-07-13,V,,,
Q9205412,2031-11-16,V,,,
L8981443,2034-03-27,V,,,
T5058730,2031-08-15,V,,,
K4017752,2030-10-10,V,,,
T3894624,2024-02-15,V,,,
B5461923,2028-08-04,V,,,
A2840573,2026-04-01,V,,,
J6284740,2033-03-18,V,,,
R7964349,2026-05-22,V,,,
Q2355891,2026-05-11,V,,,
V7100017,2026-09-18,V,,,
S7012172,2032-03-22,V,,,
K8091718,2024-07-16,V,,,
I6908994,2025-04-30,V,,,
H8660365,2033-05-27,V,,,
T1892969,2028-08-09,V,,,
W8572718,2032-01-30,V,,,
X7901366,2030-06-07,V,,,
N8077061,2032-08-17,V,,,
G6637974,2029-06-21,V,,,
C4730992,2024-12-11,V,,,
S8414208,2026-01-31,V,,,
A3194941,2034-08-26,V,,,
I7032983,2035-05-13,V,,,
P3151425,2026-05-15,V,,,
D5733329,2035-05-11,V,,,
H6943294,2034-11-13,V,,,
L2733826,2025-04-04,V,,,
T7684771,2030-09-27,V,,,
D4129970,2033-05-31,V,,,
M3356544,2025-08-18,V,,,
N2112038,2033-04-14,V,,,
S3830877,2026-10-14,V,,,
A5027116,2026-03-11,V,,,
X9637948,2025-11-25,V,,,
X7213673,2030-12-17,V,,,
A4455621,2025-07-19,V,,,
I7610121,2028-09-06,V,,,
H3451908,2025-10-21,V,,,
Y1002344,2024-09-24,V,,,
M2631995,2035-01-25,V,,,
Y7115648,2031-01-02,V,,,
O2186847,2023-08-16,V,,,
R6975208,2025-09-18,V,,,
Y1978153,2026-11-11,V,,,
C2351560,2027-07-24,V,,,
Z5287766,2026-01-24,V,,,
X6977012,2027-10-15,V,,,
H5025514,2023-09-14,V,,,
Y4398339,2035-12-11,V,,,
J1929407,2025-06-24,V,,,
C3789240,2021-11-27,I,,,
S8357702,2023-06-07,V,,,
O2226812,2032-06-16,V,,,
A2403594,2028-07-09,V,,,
K8013466,2033-01-23,V,,,
Y4770485,2033-11-24,V,,,
D4976705,2028-04-14,V,,,
Y3666699,2031-12-31,V,,,
J8097692,2021-11-29,I,,,
F7267372,2021-10-22,I,,,
Z8803393,2033-09-25,V,,,
L4313285,2033-02-25,V,,,
D2624228,2030-05-19,V,,,
R8957071,2035-09-10,V,,,
Y2693693,2035-05-24,V,,,
N4722867,2029-07-03,V,,,
V6964979,2030-04-29,V,,,
T8473171,2030-07-21,V,,,
A2792467,2029-10-29,V,,,
G8621121,2026-04-02,V,,,
K3071832,2026-11-23,V,,,
K6047777,2025-10-25,V,,,
O2869138,2022-09-24,I,,,
N9705857,2035-03-11,V,,,
F2017402,2024-06-06,V,,,
J3972834,2030-12-09,V,,,
J6411229,2024-10-28,V,,,
E6611122,2033-09-19,V,,,
J3512034,2026-08-07,V,,,
Q2130083,2030-11-02,V,,,
A3469759,2023-03-06,I,,,
Y3528154,2035-06-29,V,,,
J4254499,2021-03-28,I,,,
R4312227,2024-06-14,V,,,
F2523927,2024-04-11,V,,,
F5006112,2023-08-04,V,,,
Z7231325,2021-02-24,I,,,
Y8948231,2024-10-30,V,,,
V4374764,2023-02-21,I,,,
E5365462,2034-01-18,V,,,
R9087179,2026-05-07,V,,,
O9586692,2027-11-30,V,,,
Y6340063,2029-01-29,V,,,
I3529756,2025-05-09,V,,,
K8588772,2030-07-10,V,,,
F8326755,2033-10-30,V,,,
L8412086,2033-06-25,V,,,
U7927271,2027-05-13,V,,,
P9093685,2022-02-13,I,,,
M6775501,2035-07-03,V,,,
J5750054,2025-01-24,V,,,
O8782273,2030-09-14,V,,,
E9283146,2032-03-08,V,,,
W1335460,2034-01-28,V,,,
K8989929,2021-04-16,I,,,
J1819057,2030-08-25,V,,,
A9084594,2032-12-24,V,,,
A8306139,2032-02-14,V,,,
M7849160,2029-04-05,V,,,
X7466997,2025-02-04,V,,,
M5390058,2026-09-03,V,,,
J6982433,2035-01-23,V,,,
R5335365,2021-11-15,I,,,
Y6563169,2030-06-04,V,,,
Y9512419,2030-09-21,V,,,
Y2726599,2022-04-07,I,,,
W7341365,2024-02-15,V,,,
P7151417,2033-03-23,V,,,
T3136673,2031-11-04,V,,,
R9228171,2033-08-08,V,,,
N3815882,2027-03-20,V,,,
R9748790,2021-07-17,I,,,
J3704900,2027-05-03,V,,,
S7689725,2021-05-12,I,,,
G4955502,2033-07-21,V,,,
B4420549,2032-12-02,V,,,
L9772015,2027-02-28,V,,,
W3115043,2033-01-10,V,,,
Z4926849,2023-07-24,V,,,
C5937019,2030-02-17,V,,,
Y8171021,2031-11-16,V,,,
O1423349,2024-01-23,V,,,
Y3080660,2021-03-14,I,,,
R7238586,2021-12-17,I,,,
R4857549,2025-01-04,V,,,
T6521587,2026-04-12,V,,,
P4300684,2022-06-01,I,,,
F7950285,2023-02-14,I,,,
Z7701972,2023-07-15,V,,,
X4116490,2022-08-16,I,,,
Z2372244,2023-04-03,V,,,
R5045395,2023-12-09,V,,,
B9899234,2022-08-06,I,,,
Y6045127,2032-07-16,V,,,
T1725993,2033-08-22,V,,,
K6925688,2035-05-19,V,,,
L3036501,2030-10-21,V,,,
S8572459,2027-12-06,V,,,
Y2961410,2025-02-05,V,,,
P2179389,2025-07-03,V,,,
U1462597,2031-01-08,V,,,
I2408067,2027-05-10,V,,,
C7696758,2023-08-27,V,,,
Z7500083,2025-08-21,V,,,
Z3391885,2033-07-16,V,,,
Z1483730,2030-05-21,V,,,
N2428232,2029-04-14,V,,,
Y2399413,2035-10-24,V,,,
W4730449,2030-06-16,V,,,
D8678941,2025-01-31,V,,,
D5629771,2023-12-14,V,,,
P8849349,2022-12-24,I,,,
T8082202,2034-05-25,V,,,
R5559307,2027-06-20,V,,,
P4383933,2026-08-25,V,,,
T5837873,2021-09-23,I,,,
E8941129,2034-03-12,V,,,
W9676970,2032-04-18,V,,,
V2514883,2034-03-26,V,,,
H1167094,2024-05-20,V,,,
U9990860,2022-07-19,I,,,
B5181285,2022-09-29,I,,,
W2568410,2035-01-28,V,,,
W2273672,2029-10-23,V,,,
A6131524,2024-05-16,V,,,
L3366222,2028-12-17,V,,,
X8708431,2030-11-27,V,,,
D2464016,2026-01-22,V,,,
B3967209,2026-06-24,V,,,
Q6094124,2035-10-31,V,,,
Z7873773,2022-01-23,I,,,
C4099571,2030-01-04,V,,,
C1987763,2033-04-17,V,,,
E2361983,2029-06-12,V,,,
S4422506,2031-06-30,V,,,
D1081781,2024-07-14,V,,,
M8970820,2033-06-27,V,,,
V8594208,2032-05-27,V,,,
K8368157,2023-05-20,V,,,
N1520126,2031-04-30,V,,,
N9218227,2027-03-04,V,,,
M6781685,2029-11-29,V,,,
V2455664,2023-04-20,V,,,
Z9762325,2022-11-20,I,,,
Q4310990,2030-11-23,V,,,
A8695883,2027-05-14,V,,,
V2879843,2024-02-09,V,,,
C3077835,2030-08-24,V,,,
I3932118,2024-03-27,V,,,
U7424308,2026-02-26,V,,,
O1827331,2034-06-19,V,,,
Z4162294,2031-05-31,V,,,
Z7115008,2022-12-19,I,,,
B5917565,2025-06-21,V,,,
L8050766,2022-02-01,I,,,
J5915330,2031-09-28,V,,,
M7282785,2023-12-31,V,,,
Y4434337,2035-12-09,V,,,
J7504332,2030-02-21,V,,,
W6507241,2022-12-03,I,,,
A3224515,2030-04-14,V,,,
Q4435966,2028-03-03,V,,,
F3085157,2032-06-09,V,,,
B9311236,2028-09-10,V,,,
I5503543,2031-03-13,V,,,
Z1529641,2029-02-06,V,,,
E8594474,2032-04-05,V,,,
S6044253,2023-04-20,V,,,
U6193023,2029-05-20,V,,,
T3958593,2028-04-26,V,,,
I5357277,2026-10-15,V,,,
S6059958,2022-05-10,I,,,
G8279368,2021-10-07,I,,,
F6989672,2022-08-08,I,,,
P9080893,2032-06-13,V,,,
P2471128,2028-12-31,V,,,
Z3909562,2021-03-26,I,,,
I4860881,2029-04-14,V,,,
R9320117,2025-07-09,V,,,
U1069832,2026-06-18,V,,,
Q8020550,2026-10-23,V,,,
S2003754,2034-01-17,V,,,
S7849884,2026-12-27,V,,,
D6532942,2022-01-28,I,,,
D4251534,2034-04-01,V,,,
X1587769,2029-06-28,V,,,
T8164417,2027-04-02,V,,,
I6219718,2025-11-13,V,,,
M8638557,2024-08-29,V,,,
G4219760,2029-05-19,V,,,
K4564555,2024-10-11,V,,,
D7421166,2022-06-25,I,,,
S8536324,2034-06-25,V,,,
P1904844,2023-02-14,I,,,
W5996206,2026-09-28,V,,,
P8514204,2032-09-03,V,,,
F5228286,2023-06-29,V,,,
X4053988,2026-01-23,V,,,
D1678174,2032-06-21,V,,,
T3888961,2025-11-14,V,,,
X9941195,2028-04-14,V,,,
W7510778,2026-11-23,V,,,
O1081635,2024-03-26,V,,,
H4037446,2030-03-04,V,,,
C9185914,2023-12-26,V,,,
C7494097,2027-04-22,V,,,
O5695631,2034-08-18,V,,,
Z9875654,2031-05-10,V,,,
D1821291,2025-02-25,V,,,
H1929771,2026-01-09,V,,,
R1924336,2030-10-22,V,,,
A9039349,2029-01-30,V,,,
A1108982,2023-03-02,I,,,
N2393912,2031-09-22,V,,,
A8080630,2030-04-07,V,,,
I3828091,2033-05-08,V,,,
N1176376,2029-06-16,V,,,
O5384779,2034-11-06,V,,,
W7687714,2035-11-26,V,,,
B1500949,2030-01-14,V,,,
U1934515,2031-04-08,V,,,
J2711776,2031-11-15,V,,,
A5817365,2021-11-23,I,,,
K5126817,2024-09-25,V,,,
O7426058,2035-08-27,V,,,
T8911453,2023-03-02,I,,,
S2736235,2032-05-11,V,,,
O7754203,2035-10-06,V,,,
Y3485890,2030-06-16,V,,,
T4339612,2021-03-03,I,,,
B6105994,2024-02-29,V,,,
X1244909,2029-07-13,V,,,
Q3539053,2024-05-29,V,,,
O3964164,2031-04-11,V,,,
R3359953,2031-10-16,V,,,
B6295701,2025-08-28,V,,,
V6809540,2026-04-23,V,,,
S3634109,2026-06-08,V,,,
X2543932,2035-11-23,V,,,
T3972445,2022-11-29,I,,,
H4856825,2022-04-13,I,,,
B9128934,2022-12-18,I,,,
Z4889140,2027-03-08,V,,,
Y2149906,2023-08-16,V,,,
K9699103,2026-10-14,V,,,
Z3733630,2033-05-31,V,,,
V2606754,2023-03-23,I,,,
I2761210,2028-06-03,V,,,
F6529408,2035-05-19,V,,,
V7294481,2025-03-24,V,,,
P7536757,2031-05-10,V,,,
R4996979,2024-10-29,V,,,
C6651173,2031-08-09,V,,,
W7190449,2028-03-04,V,,,
I6359589,2023-07-06,V,,,
T7533939,2022-11-07,I,,,
G6523432,2021-11-11,I,,,
C1155939,2021-09-17,I,,,
J5934888,2029-09-19,V,,,
N9314711,2035-11-13,V,,,
G9259117,2028-10-14,V,,,
N6345862,2030-05-10,V,,,
S6405511,2024-12-06,V,,,
W4255890,2030-11-23,V,,,
Q6307767,2029-10-19,V,,,
D2352323,2024-04-19,V,,,
H5542845,2029-12-31,V,,,
Z4883174,2029-05-25,V,,,
W8162447,2033-08-07,V,,,
P7720348,2028-04-26,V,,,
K8710622,2021-11-18,I,,,
M1146707,2032-02-22,V,,,
T5202617,2021-09-12,I,,,
O1784228,2027-03-03,V,,,
E9480178,2030-06-14,V,,,
B5033675,2024-06-22,V,,,
Q5209971,2022-08-31,I,,,
G9937859,2029-10-28,V,,,
Y4647065,2035-03-10,V,,,
Z4091136,2033-12-04,V,,,
F5904388,2024-06-12,V,,,
N6852997,2034-08-03,V,,,
Q6720899,2025-06-17,V,,,
J3864631,2025-11-26,V,,,
A8611065,2030-03-21,V,,,
C2338781,2022-03-17,I,,,
R7546507,2021-08-25,I,,,
H2150977,2034-09-02,V,,,
Z5080600,2026-07-22,V,,,
C5596232,2025-02-11,V,,,
Z4557640,2023-10-10,V,,,
Q1052491,2027-02-10,V,,,
P4064672,2034-10-16,V,,,
E3712836,2034-01-04,V,,,
D7607508,2031-10-17,V,,,
J7711709,2028-09-17,V,,,
H9970239,2025-06-16,V,,,
I7114965,2031-02-09,V,,,
P6486579,2027-05-26,V,,,
Z8757561,2030-08-02,V,,,
S7700508,2022-09-12,I,,,
I8165438,2035-06-23,V,,,
E5160831,2023-12-03,V,,,
U6359704,2032-09-30,V,,,
K4577503,2035-02-18,V,,,
V7462581,2032-02-02,V,,,
A5669571,2028-02-20,V,,,
K9352188,2028-04-19,V,,,
I7756699,2029-03-02,V,,,
F5951158,2028-09-20,V,,,
N5741621,2031-08-08,V,,,
Z8699881,2031-09-01,V,,,
V4020671,2023-08-11,V,,,
U8404774,2028-09-20,V,,,
W4001413,2028-06-20,V,,,
Q2493843,2024-06-12,V,,,
S1828747,2023-10-31,V,,,
G9711785,2032-04-08,V,,,
T6792537,2035-02-26,V,,,
V2033156,2032-04-29,V,,,
I2413087,2034-07-22,V,,,
C2990539,2031-11-02,V,,,
A2656060,2033-04-13,V,,,
A3209443,2030-03-19,V,,,
P8440406,2027-11-12,V,,,
S7902202,2032-06-16,V,,,
K6488462,2030-12-30,V,,,
W9520454,2026-06-07,V,,,
G4951829,2022-03-08,I,,,
I7406743,2028-12-04,V,,,
Z8278779,2029-06-09,V,,,
V2291976,2021-04-20,I,,,
R1315459,2031-03-10,V,,,
Z4429284,2032-06-14,V,,,
K3171435,2022-09-13,I,,,
B4422708,2025-05-11,V,,,
C2258795,2034-08-11,V,,,
A4111619,2033-10-02,V,,,
G1614569,2028-02-15,V,,,
K9707244,2030-04-18,V,,,
T1297465,2031-08-04,V,,,
K3367852,2031-06-20,V,,,
K8497755,2028-01-13,V,,,
S5956237,2031-12-06,V,,,
K8502721,2029-06-10,V,,,
X3586539,2032-07-10,V,,,
I8432511,2029-10-25,V,,,
N2776743,2033-12-12,V,,,
N8029254,2028-12-21,V,,,
N4621143,2026-07-08,V,,,
P3885445,2026-06-22,V,,,
H9675287,2026-08-12,V,,,
G8608609,2034-09-16,V,,,
P7910113,2032-11-03,V,,,
O5793311,2035-11-26,V,,,
Y3768343,2027-07-03,V,,,
H8258886,2026-03-06,V,,,
H5575761,2022-03-20,I,,,
O6340431,2025-07-21,V,,,
H3288104,2023-01-05,I,,,
I5030961,2029-11-27,V,,,
V4524782,2024-05-02,V,,,
U4251579,2021-09-11,I,,,
R3147597,2034-04-16,V,,,
A1857837,2031-03-02,V,,,
L7582346,2031-08-26,V,,,
I5058635,2033-04-17,V,,,
F9779385,2026-03-03,V,,,
O7036668,2033-04-04,V,,,
T4455669,2027-10-06,V,,,
K5515141,2024-01-12,V,,,
C8092994,2024-05-28,V,,,
Z2171889,2021-05-20,I,,,
H2413797,2032-08-03,V,,,
C9282030,2032-05-07,V,,,
C5283723,2028-09-06,V,,,
F1425062,2028-08-05,V,,,
A2153530,2025-02-10,V,,,
C8481477,2029-09-20,V,,,
W3337636,2023-10-23,V,,,
I7548608,2027-01-04,V,,,
J8684030,2023-04-16,V,,,
L6477643,2029-05-01,V,,,
B3899433,2024-04-20,V,,,
G9072804,2024-10-04,V,,,
G6773734,2033-02-28,V,,,
J2703766,2024-08-21,V,,,
B9734546,2034-10-12,V,,,
L8378203,2030-02-21,V,,,
C8917681,2026-04-09,V,,,
R5593398,2033-06-12,V,,,
W7559294,2035-05-06,V,,,
Z7610051,2026-01-21,V,,,
M5800634,2026-04-16,V,,,
U6171428,2023-01-28,I,,,
U6879836,2022-02-18,I,,,
Q1831123,2034-12-01,V,,,
X7229677,2035-12-28,V,,,
M1077394,2032-08-13,V,,,
N5058062,2031-01-22,V,,,
D6419459,2030-05-16,V,,,
Y9317466,2022-02-03,I,,,
H6122173,2025-03-26,V,,,
E6422829,2035-05-28,V,,,
D9904520,2022-01-27,I,,,
J6066969,2022-04-22,I,,,
L9298511,2035-01-20,V,,,
D1384358,2035-03-14,V,,,
X6738011,2031-03-12,V,,,
U3483816,2032-11-14,V,,,
T6891516,2027-03-21,V,,,
A6996253,2035-06-04,V,,,
V1592979,2025-01-21,V,,,
D9988590,2022-08-09,I,,,
A4386461,2025-11-26,V,,,
E7347702,2024-06-17,V,,,
X6560984,2033-05-19,V,,,
U1377621,2028-09-02,V,,,
D7639268,2028-12-05,V,,,
I7945754,2034-10-01,V,,,
A7177694,2034-01-20,V,,,
S5768977,2022-08-25,I,,,
C2986508,2028-01-23,V,,,
Z1080466,2033-01-09,V,,,
R4354886,2035-04-28,V,,,
K6932657,2029-08-13,V,,,
S6532899,2031-05-14,V,,,
I5411480,2032-03-11,V,,,
X8354340,2031-07-16,V,,,
W2560284,2024-09-09,V,,,
X6956698,2029-03-17,V,,,
P6325451,2022-11-20,I,,,
P6756829,2035-05-08,V,,,
F3611991,2030-08-10,V,,,
S9515660,2026-12-05,V,,,
A1760513,2030-03-14,V,,,
P4258603,2034-04-01,V,,,
Q2587071,2021-03-12,I,,,
C4181788,2026-02-01,V,,,
B2189240,2031-03-28,V,,,
M6903935,2035-07-28,V,,,
Q2845461,2022-07-02,I,,,
L5052417,2032-10-21,V,,,
T3866442,2024-08-01,V,,,
P2050749,2029-07-12,V,,,
N6628925,2032-09-16,V,,,
T5853525,2025-02-13,V,,,
E5767154,2033-02-21,V,,,
N1688823,2021-09-28,I,,,
J4250542,2035-11-14,V,,,
G1688448,2023-12-11,V,,,
K7489116,2021-08-13,I,,,
N7855409,2023-06-06,V,,,
E8689288,2022-05-09,I,,,
Y3043902,2027-10-11,V,,,
J2997519,2023-08-25,V,,,
J9131793,2023-12-05,V,,,
E8416165,2025-10-11,V,,,
M2057869,2023-07-26,V,,,
Y3429312,2031-06-16,V,,,
Q6253875,2031-02-12,V,,,
S7356656,2030-12-02,V,,,
R1822243,2022-11-04,I,,,
N4748092,2025-06-04,V,,,
Y6214598,2023-05-24,V,,,
P5817836,2029-03-19,V,,,
H4301479,2029-04-11,V,,,
Z1837841,2033-04-01,V,,,
J4520989,2034-03-03,V,,,
U7107520,2025-11-19,V,,,
S1344821,2022-02-05,I,,,
A7556948,2024-06-29,V,,,
L7453613,2033-03-31,V,,,
U9856287,2027-07-08,V,,,
P6198934,2035-01-04,V,,,
N6392416,2028-03-18,V,,,
E3804347,2033-03-07,V,,,
E4516449,2023-09-20,V,,,
M3506100,2033-11-14,V,,,
R6249656,2024-06-12,V,,,
N9761157,2022-04-18,I,,,
N8175108,2029-04-26,V,,,
S1233582,2021-06-21,I,,,
T2247536,2022-07-07,I,,,
B6529231,2021-12-14,I,,,
F2494574,2031-09-15,V,,,
L2623517,2035-10-11,V,,,
O2573258,2029-09-07,V,,,
S3440032,2024-02-20,V,,,
A2342725,2022-03-28,I,,,
O5800040,2031-10-05,V,,,
F7882050,2021-06-17,I,,,
F2101609,2024-02-07,V,,,
H4560339,2031-03-13,V,,,
V2316280,2031-10-03,V,,,
Q2755560,2025-05-02,V,,,
F9858683,2030-07-13,V,,,
D4503540,2033-03-14,V,,,
L2237559,2031-10-18,V,,,
N7852531,2031-07-27,V,,,
V9641983,2032-06-12,V,,,
W9344995,2023-06-28,V,,,
I4079707,2031-08-21,V,,,
A7116375,2030-04-07,V,,,
F8008938,2026-07-24,V,,,
V7694643,2035-03-05,V,,,
R5357074,2034-07-24,V,,,
U1049061,2034-02-13,V,,,
K3453989,2034-01-22,V,,,
D8624808,2025-05-25,V,,,
C1867100,2022-06-14,I,,,
D9652671,2024-05-30,V,,,
U5234332,2028-07-06,V,,,
T8988620,2026-11-14,V,,,
O7998996,2033-03-09,V,,,
D9000426,2023-10-01,V,,,
Y1222594,2035-09-30,V,,,
T6903299,2025-12-12,V,,,
Q4581497,2025-05-30,V,,,
V8816942,2033-01-03,V,,,
G9168938,2022-02-18,I,,,
G7096350,2032-11-13,V,,,
H1333836,2022-10-11,I,,,
Q2520699,2024-08-11,V,,,
J7647890,2023-04-26,V,,,
V7631561,2034-07-23,V,,,
W7044340,2026-02-04,V,,,
E5655899,2025-07-19,V,,,
F4381094,2035-08-28,V,,,
L2653576,2032-06-24,V,,,
D2480220,2030-08-27,V,,,
O5397263,2030-06-10,V,,,
U3334648,2023-10-24,V,,,
Y7115647,2028-08-26,V,,,
B5184887,2021-01-04,I,,,
W7296341,2022-06-02,I,,,
E2396658,2034-05-01,V,,,
Z2282793,2029-04-23,V,,,
H7734756,2024-08-03,V,,,
X8870787,2024-07-17,V,,,
X9457009,2023-06-23,V,,,
A7526593,2023-02-16,I,,,
O7497823,2032-11-23,V,,,
D1140483,2031-02-18,V,,,
A2939551,2029-06-07,V,,,
W5883079,2032-03-03,V,,,
V8754910,2029-09-05,V,,,
S5793780,2029-05-17,V,,,
I1938735,2025-01-14,V,,,
O3785194,2023-04-09,V,,,
M4218382,2035-06-04,V,,,
J1993009,2025-04-21,V,,,
D2247373,2035-01-02,V,,,
N4700355,2024-12-01,V,,,
C4336487,2033-10-17,V,,,
S6439158,2022-10-31,I,,,
P4447483,2025-04-14,V,,,
Q2132039,2035-02-19,V,,,
T9857239,2029-09-14,V,,,
O2960204,2032-05-22,V,,,
L3715982,2030-06-20,V,,,
Y5394483,2021-06-11,I,,,
U9980567,2023-04-06,V,,,
C9765857,2027-09-03,V,,,
Y7543479,2022-09-15,I,,,
X5824631,2021-05-18,I,,,
Z4007518,2021-09-23,I,,,
N1999614,2022-05-21,I,,,
R6653990,2033-08-11,V,,,
R8551094,2031-10-04,V,,,
C9279076,2023-07-05,V,,,
D3597246,2027-01-02,V,,,
G5053406,2029-01-01,V,,,
C1907340,2033-03-04,V,,,
A2726522,2027-04-08,V,,,
P6358910,2035-08-14,V,,,
B9565284,2033-07-08,V,,,
T3193777,2031-12-05,V,,,
J8626290,2025-11-17,V,,,
Q6264466,2029-08-08,V,,,
V7631559,2035-10-15,V,,,
E4777507,2025-10-15,V,,,
O8581621,2032-02-17,V,,,
H2938444,2024-10-31,V,,,
A9677414,2029-09-06,V,,,
M4808265,2027-12-06,V,,,
T3237322,2022-01-11,I,,,
H9423114,2031-07-11,V,,,
C5446403,2030-08-07,V,,,
X5037094,2033-04-23,V,,,
N6630825,2023-03-30,I,,,
Q7506854,2022-01-07,I,,,
Q7697230,2028-06-02,V,,,
O6654163,2030-11-07,V,,,
I2780024,2034-08-28,V,,,
I2797275,2030-06-07,V,,,
D2024140,2022-10-22,I,,,
H6699872,2030-12-22,V,,,
Z7248600,2023-01-14,I,,,
Q5816995,2030-11-29,V,,,
U8898708,2028-06-30,V,,,
C9338008,2033-07-14,V,,,
S4015844,2034-03-14,V,,,
O2206343,2035-04-07,V,,,
O5191994,2027-04-11,V,,,
H9940976,2026-12-28,V,,,
V7816223,2033-01-28,V,,,
C9733806,2025-09-02,V,,,
E4659351,2024-05-05,V,,,
M4099110,2028-09-12,V,,,
C9161440,2028-08-31,V,,,
C3897545,2034-05-09,V,,,
R1379437,2024-07-16,V,,,
F3272351,2034-01-17,V,,,
X4753527,2035-05-15,V,,,
V3622506,2029-09-06,V,,,
N4237176,2031-06-20,V,,,
R6408548,2026-06-20,V,,,
V3097011,2035-12-28,V,,,
L6380250,2031-02-01,V,,,
O3134511,2021-01-02,I,,,
R9201821,2034-09-01,V,,,
U2005289,2032-09-29,V,,,
Z5026239,2024-06-15,V,,,
A4017217,2026-03-02,V,,,
Q4658868,2027-07-24,V,,,
P1547443,2021-10-02,I,,,
V2411512,2033-02-23,V,,,
Y1430665,2031-12-20,V,,,
V6633258,2029-10-09,V,,,
Z3881491,2021-08-11,I,,,
B6620889,2028-10-13,V,,,
G4160765,2026-01-18,V,,,
T1732219,2028-10-12,V,,,
C6875295,2021-12-28,I,,,
N5730359,2023-08-07,V,,,
K9755151,2025-02-20,V,,,
P6607777,2032-11-11,V,,,
D7025272,2024-04-21,V,,,
B2914856,2024-12-03,V,,,
Z8850662,2033-03-13,V,,,
A8675489,2027-12-06,V,,,
C1454278,2031-07-30,V,,,
S2560081,2031-06-23,V,,,
P7811323,2027-02-13,V,,,
R1180504,2030-04-16,V,,,
I2758223,2031-04-14,V,,,
P7509506,2034-12-13,V,,,
I2559061,2025-05-14,V,,,
M5005904,2021-01-11,I,,,
H3978358,2033-11-02,V,,,
P5608576,2034-01-02,V,,,
J8002777,2021-05-08,I,,,
S2344780,2031-04-28,V,,,
B9175420,2028-12-30,V,,,
R6268274,2028-10-20,V,,,
J4491573,2034-08-11,V,,,
A1556669,2028-05-31,V,,,
E9793930,2024-07-30,V,,,
M3960681,2024-02-19,V,,,
Y4880903,2032-01-06,V,,,
I5622743,2030-02-18,V,,,
R3491883,2035-02-12,V,,,
R7368813,2034-11-05,V,,,
V5293790,2022-01-28,I,,,
P8385285,2033-06-19,V,,,
L6649326,2024-04-14,V,,,
Q5480209,2024-11-23,V,,,
O1695004,2034-10-01,V,,,
J4112974,2032-07-27,V,,,
D8366996,2035-02-28,V,,,
U3103194,2030-06-20,V,,,
J3869926,2021-07-02,I,,,
Q7236670,2031-07-02,V,,,
V6891611,2022-03-31,I,,,
W6785063,2023-11-13,V,,,
K5422752,2031-08-10,V,,,
G1634912,2028-03-29,V,,,
A7833615,2034-08-25,V,,,
I5270290,2034-08-21,V,,,
N8287775,2025-02-19,V,,,
C3705364,2025-04-04,V,,,
S7693818,2033-12-20,V,,,
M6824730,2023-08-05,V,,,
C1699887,2028-07-01,V,,,
L9318374,2027-01-14,V,,,
J3767287,2030-03-26,V,,,
S8224167,2032-01-16,V,,,
X1537663,2033-04-18,V,,,
B1418685,2031-09-23,V,,,
L4527693,2028-09-25,V,,,
H3053300,2029-02-16,V,,,
V4183591,2031-12-29,V,,,
J9247502,2025-03-31,V,,,
F2048926,2021-09-05,I,,,
M6853541,2023-01-07,I,,,
T9381346,2029-08-30,V,,,
E3869613,2024-12-25,V,,,
D3012528,2028-12-27,V,,,
S8947685,2025-02-06,V,,,
O5845201,2032-05-04,V,,,
R2580276,2028-03-10,V,,,
S1804195,2023-06-06,V,,,
A5955219,2029-07-18,V,,,
W3687687,2023-10-28,V,,,
P2876364,2031-03-31,V,,,
F4889516,2030-05-18,V,,,
K9707859,2031-05-26,V,,,
T4751946,2025-04-05,V,,,
B6277059,2023-07-25,V,,,
Y8722469,2033-03-24,V,,,
T3329167,2022-06-01,I,,,
H4144397,2030-11-15,V,,,
F7708445,2035-12-22,V,,,
R9545502,2034-11-05,V,,,
A9033845,2029-11-17,V,,,
T1434643,2035-09-23,V,,,
I6698066,2031-09-14,V,,,
H4263618,2029-10-10,V,,,
