DL_Number,ValidTill,Verification
W7050353,9/27/2027,V
J1532897,7/21/2035,V
T4023279,5/4/2029,V
Y4229476,9/28/2035,V
Y9991448,2/6/2031,V
V7061552,5/7/2027,V
X3187694,9/18/2025,V
K9923168,4/12/2031,V
D6738926,6/4/2027,V
K4030432,10/3/2027,V
C7363241,3/19/2034,V
X1286524,8/8/2030,V
X7259017,1/17/2026,V
W2641730,1/26/2028,V
Q8109252,10/31/2025,V
J3855007,3/22/2027,V
J4126696,8/21/2026,V
N9603045,1/28/2029,V
R9894770,2/8/2030,V
D9032421,8/9/2033,V
C7417097,7/16/2032,V
Q1429821,7/13/2024,V
O6779913,2/23/2023,I
O4163038,5/25/2023,V
F1947978,2/28/2033,V
Z9018817,1/8/2032,V
B7588360,8/14/2027,V
Z3492338,9/7/2021,I
D8333438,11/26/2034,V
Z5270134,8/26/2025,V
U4850364,9/25/2024,V
G1927597,9/16/2027,V
Z8843014,2/10/2024,V
R1059996,10/19/2026,V
K1892201,4/23/2021,I
V2504225,5/10/2032,V
H2999531,3/14/2024,V
K3280164,11/6/2030,V
A3096812,3/26/2021,I
E7853325,2/17/2035,V
O2774350,9/19/2021,I
O4597704,4/28/2031,V
G7092900,10/2/2024,V
E2322511,1/4/2028,V
H9984004,5/7/2025,V
C2368359,8/19/2021,I
E9900050,6/17/2025,V
F3741702,7/1/2022,I
B9548906,4/19/2030,V
I4180427,1/27/2032,V
C3311467,2/11/2032,V
D8721819,3/7/2022,I
B1475942,11/7/2027,V
W2991697,8/15/2035,V
O3848892,1/7/2029,V
Q3487276,8/9/2032,V
W2508819,9/4/2034,V
U6128339,8/4/2030,V
E3416765,11/15/2026,V
U6250218,1/26/2025,V
O1048402,12/25/2028,V
X5926578,11/11/2022,I
T8083608,11/6/2030,V
E1173405,8/19/2026,V
R2566527,1/14/2034,V
K5617326,10/30/2024,V
J1183233,1/24/2034,V
S4478229,5/29/2031,V
V8268581,4/7/2021,I
L2791230,5/11/2023,V
Z6388511,10/16/2029,V
T8041527,8/4/2028,V
R6174358,12/16/2028,V
D2538621,5/16/2031,V
T3413207,9/23/2031,V
C8991244,3/12/2033,V
V5619673,4/11/2021,I
N9197144,12/4/2032,V
S4076048,2/25/2034,V
D3044500,8/15/2033,V
H5597903,8/25/2021,I
Y6741588,10/28/2031,V
N7865617,10/19/2023,V
E3744714,6/6/2035,V
P9969537,4/9/2032,V
L8555370,5/7/2023,V
G1162336,10/22/2021,I
O1629453,3/16/2033,V
L7385337,1/17/2022,I
H3597997,2/19/2031,V
O8156174,4/18/2021,I
U1804836,3/9/2025,V
X1476567,1/10/2021,I
U5016185,7/9/2035,V
B6735504,9/7/2027,V
U7571594,1/23/2029,V
U3868577,3/1/2031,V
W2548769,10/6/2021,I
X9073501,1/30/2030,V
B3979851,9/2/2025,V
L5923863,6/3/2032,V
S7159045,3/27/2035,V
X1786793,5/30/2024,V
W1894229,1/10/2028,V
C6586600,10/12/2035,V
O7354116,3/6/2024,V
B2475590,3/31/2026,V
O7073022,4/10/2024,V
H8257031,2/25/2027,V
T3051438,3/30/2031,V
C4713044,5/14/2034,V
M6061056,2/19/2028,V
D8825055,11/11/2028,V
N7485377,9/4/2030,V
D5638758,4/22/2032,V
K2056455,7/20/2024,V
D6993859,1/10/2022,I
K2262418,3/14/2031,V
K8668697,6/2/2033,V
C2634664,7/17/2023,V
A3957634,3/7/2033,V
N9445053,7/18/2026,V
L5833406,10/4/2035,V
L4757643,3/29/2028,V
X2853391,10/5/2032,V
V3602383,6/10/2025,V
M2472897,10/16/2032,V
U7790191,3/3/2033,V
Z6660152,2/22/2035,V
H7389058,4/17/2035,V
I7326512,10/28/2027,V
Q5758265,3/5/2030,V
S8891972,12/20/2022,I
O8563367,1/14/2024,V
T1348928,4/1/2032,V
B6049187,9/12/2028,V
J2494922,10/18/2023,V
K9184612,10/14/2027,V
V5180983,6/13/2028,V
E3892100,6/30/2030,V
V7943693,4/15/2025,V
W8859629,10/18/2027,V
N4504555,10/26/2034,V
H9388882,5/3/2025,V
D3664478,4/17/2029,V
X9383673,1/5/2026,V
M3875322,10/11/2021,I
E9562350,5/13/2023,V
C7130362,9/27/2026,V
F5232427,7/25/2027,V
B5511468,4/10/2026,V
C8804899,1/19/2024,V
C4952280,4/8/2021,I
B2391948,9/20/2024,V
L9552548,3/20/2033,V
J2804632,9/28/2028,V
Q4965454,6/8/2021,I
G4886306,4/24/2035,V
F7226302,1/23/2033,V
J2745315,10/1/2033,V
M5862915,7/4/2035,V
D5808869,4/28/2021,I
T7789005,2/28/2033,V
S9892365,9/4/2022,I
L3014133,10/22/2033,V
K2151263,8/20/2031,V
T6508785,10/25/2030,V
J7770105,9/27/2031,V
Y7202503,8/21/2028,V
O7211835,9/1/2029,V
Z7372321,3/28/2024,V
S3328845,3/12/2032,V
B6970316,1/3/2035,V
A1422174,12/9/2031,V
H3657659,8/26/2023,V
N8639645,8/11/2030,V
J5854487,11/5/2029,V
R5354495,4/12/2024,V
B1147017,12/20/2034,V
W5451021,8/28/2024,V
N6983686,11/22/2025,V
M6079236,1/31/2032,V
P6225065,10/20/2026,V
R6470721,5/11/2021,I
S8826303,9/16/2029,V
P6399829,11/11/2031,V
I2612858,11/24/2035,V
X7608901,5/4/2035,V
O8010185,8/11/2025,V
V5260153,2/19/2030,V
Y2335653,11/23/2032,V
L9072233,4/26/2031,V
E3861887,2/12/2032,V
O1600985,12/24/2025,V
Q7216372,1/11/2025,V
R6167510,1/15/2023,I
M7087080,7/5/2032,V
J5421204,3/27/2025,V
Q7173717,6/19/2029,V
G6699953,7/14/2022,I
Q1589288,6/11/2025,V
D9717289,7/4/2024,V
E2440137,9/3/2033,V
Y9272156,5/8/2025,V
X7608980,3/6/2024,V
R5261910,11/25/2031,V
J5664984,8/7/2025,V
U7465793,4/2/2024,V
N6825562,2/15/2025,V
W5310982,7/7/2024,V
A4891517,5/21/2031,V
F6199209,10/16/2033,V
T8986590,2/15/2030,V
T8901858,6/28/2033,V
T6106383,9/9/2027,V
T2445439,5/17/2029,V
Z6004276,12/7/2035,V
U3535060,4/4/2026,V
I7622843,8/11/2030,V
B6262914,1/2/2028,V
N3554921,12/6/2025,V
M9853326,1/9/2034,V
G3617842,7/29/2024,V
M7094332,6/20/2028,V
H7691387,5/20/2024,V
W9584174,8/2/2029,V
M7044566,3/24/2027,V
B1359455,4/16/2034,V
H8362857,11/29/2027,V
S2943909,7/13/2033,V
Q9205412,11/16/2031,V
L8981443,3/27/2034,V
T5058730,8/15/2031,V
K4017752,10/10/2030,V
T3894624,2/15/2024,V
B5461923,8/4/2028,V
A2840573,4/1/2026,V
J6284740,3/18/2033,V
R7964349,5/22/2026,V
Q2355891,5/11/2026,V
V7100017,9/18/2026,V
S7012172,3/22/2032,V
K8091718,7/16/2024,V
I6908994,4/30/2025,V
H8660365,5/27/2033,V
T1892969,8/9/2028,V
W8572718,1/30/2032,V
X7901366,6/7/2030,V
N8077061,8/17/2032,V
G6637974,6/21/2029,V
C4730992,12/11/2024,V
S8414208,1/31/2026,V
A3194941,8/26/2034,V
I7032983,5/13/2035,V
P3151425,5/15/2026,V
D5733329,5/11/2035,V
H6943294,11/13/2034,V
L2733826,4/4/2025,V
T7684771,9/27/2030,V
D4129970,5/31/2033,V
M3356544,8/18/2025,V
N2112038,4/14/2033,V
S3830877,10/14/2026,V
A5027116,3/11/2026,V
X9637948,11/25/2025,V
X7213673,12/17/2030,V
A4455621,7/19/2025,V
I7610121,9/6/2028,V
H3451908,10/21/2025,V
Y1002344,9/24/2024,V
M2631995,1/25/2035,V
Y7115648,1/2/2031,V
O2186847,8/16/2023,V
R6975208,9/18/2025,V
Y1978153,11/11/2026,V
C2351560,7/24/2027,V
Z5287766,1/24/2026,V
X6977012,10/15/2027,V
H5025514,9/14/2023,V
Y4398339,12/11/2035,V
J1929407,6/24/2025,V
C3789240,11/27/2021,I
S8357702,6/7/2023,V
O2226812,6/16/2032,V
A2403594,7/9/2028,V
K8013466,1/23/2033,V
Y4770485,11/24/2033,V
D4976705,4/14/2028,V
Y3666699,12/31/2031,V
J8097692,11/29/2021,I
F7267372,10/22/2021,I
Z8803393,9/25/2033,V
L4313285,2/25/2033,V
D2624228,5/19/2030,V
R8957071,9/10/2035,V
Y2693693,5/24/2035,V
N4722867,7/3/2029,V
V6964979,4/29/2030,V
T8473171,7/21/2030,V
A2792467,10/29/2029,V
G8621121,4/2/2026,V
K3071832,11/23/2026,V
K6047777,10/25/2025,V
O2869138,9/24/2022,I
N9705857,3/11/2035,V
F2017402,6/6/2024,V
J3972834,12/9/2030,V
J6411229,10/28/2024,V
E6611122,9/19/2033,V
J3512034,8/7/2026,V
Q2130083,11/2/2030,V
A3469759,3/6/2023,I
Y3528154,6/29/2035,V
J4254499,3/28/2021,I
R4312227,6/14/2024,V
F2523927,4/11/2024,V
F5006112,8/4/2023,V
Z7231325,2/24/2021,I
Y8948231,10/30/2024,V
V4374764,2/21/2023,I
E5365462,1/18/2034,V
R9087179,5/7/2026,V
O9586692,11/30/2027,V
Y6340063,1/29/2029,V
I3529756,5/9/2025,V
K8588772,7/10/2030,V
F8326755,10/30/2033,V
L8412086,6/25/2033,V
U7927271,5/13/2027,V
P9093685,2/13/2022,I
M6775501,7/3/2035,V
J5750054,1/24/2025,V
O8782273,9/14/2030,V
E9283146,3/8/2032,V
W1335460,1/28/2034,V
K8989929,4/16/2021,I
J1819057,8/25/2030,V
A9084594,12/24/2032,V
A8306139,2/14/2032,V
M7849160,4/5/2029,V
X7466997,2/4/2025,V
M5390058,9/3/2026,V
J6982433,1/23/2035,V
R5335365,11/15/2021,I
Y6563169,6/4/2030,V
Y9512419,9/21/2030,V
Y2726599,4/7/2022,I
W7341365,2/15/2024,V
P7151417,3/23/2033,V
T3136673,11/4/2031,V
R9228171,8/8/2033,V
N3815882,3/20/2027,V
R9748790,7/17/2021,I
J3704900,5/3/2027,V
S7689725,5/12/2021,I
G4955502,7/21/2033,V
B4420549,12/2/2032,V
L9772015,2/28/2027,V
W3115043,1/10/2033,V
Z4926849,7/24/2023,V
C5937019,2/17/2030,V
Y8171021,11/16/2031,V
O1423349,1/23/2024,V
Y3080660,3/14/2021,I
R7238586,12/17/2021,I
R4857549,1/4/2025,V
T6521587,4/12/2026,V
P4300684,6/1/2022,I
F7950285,2/14/2023,I
Z7701972,7/15/2023,V
X4116490,8/16/2022,I
Z2372244,4/3/2023,V
R5045395,12/9/2023,V
B9899234,8/6/2022,I
Y6045127,7/16/2032,V
T1725993,8/22/2033,V
K6925688,5/19/2035,V
L3036501,10/21/2030,V
S8572459,12/6/2027,V
Y2961410,2/5/2025,V
P2179389,7/3/2025,V
U1462597,1/8/2031,V
I2408067,5/10/2027,V
C7696758,8/27/2023,V
Z7500083,8/21/2025,V
Z3391885,7/16/2033,V
Z1483730,5/21/2030,V
N2428232,4/14/2029,V
Y2399413,10/24/2035,V
W4730449,6/16/2030,V
D8678941,1/31/2025,V
D5629771,12/14/2023,V
P8849349,12/24/2022,I
T8082202,5/25/2034,V
R5559307,6/20/2027,V
P4383933,8/25/2026,V
T5837873,9/23/2021,I
E8941129,3/12/2034,V
W9676970,4/18/2032,V
V2514883,3/26/2034,V
H1167094,5/20/2024,V
U9990860,7/19/2022,I
B5181285,9/29/2022,I
W2568410,1/28/2035,V
W2273672,10/23/2029,V
A6131524,5/16/2024,V
L3366222,12/17/2028,V
X8708431,11/27/2030,V
D2464016,1/22/2026,V
B3967209,6/24/2026,V
Q6094124,10/31/2035,V
Z7873773,1/23/2022,I
C4099571,1/4/2030,V
C1987763,4/17/2033,V
E2361983,6/12/2029,V
S4422506,6/30/2031,V
D1081781,7/14/2024,V
M8970820,6/27/2033,V
V8594208,5/27/2032,V
K8368157,5/20/2023,V
N1520126,4/30/2031,V
N9218227,3/4/2027,V
M6781685,11/29/2029,V
V2455664,4/20/2023,V
Z9762325,11/20/2022,I
Q4310990,11/23/2030,V
A8695883,5/14/2027,V
V2879843,2/9/2024,V
C3077835,8/24/2030,V
I3932118,3/27/2024,V
U7424308,2/26/2026,V
O1827331,6/19/2034,V
Z4162294,5/31/2031,V
Z7115008,12/19/2022,I
B5917565,6/21/2025,V
L8050766,2/1/2022,I
J5915330,9/28/2031,V
M7282785,12/31/2023,V
Y4434337,12/9/2035,V
J7504332,2/21/2030,V
W6507241,12/3/2022,I
A3224515,4/14/2030,V
Q4435966,3/3/2028,V
F3085157,6/9/2032,V
B9311236,9/10/2028,V
I5503543,3/13/2031,V
Z1529641,2/6/2029,V
E8594474,4/5/2032,V
S6044253,4/20/2023,V
U6193023,5/20/2029,V
T3958593,4/26/2028,V
I5357277,10/15/2026,V
S6059958,5/10/2022,I
G8279368,10/7/2021,I
F6989672,8/8/2022,I
P9080893,6/13/2032,V
P2471128,12/31/2028,V
Z3909562,3/26/2021,I
I4860881,4/14/2029,V
R9320117,7/9/2025,V
U1069832,6/18/2026,V
Q8020550,10/23/2026,V
S2003754,1/17/2034,V
S7849884,12/27/2026,V
D6532942,1/28/2022,I
D4251534,4/1/2034,V
X1587769,6/28/2029,V
T8164417,4/2/2027,V
I6219718,11/13/2025,V
M8638557,8/29/2024,V
G4219760,5/19/2029,V
K4564555,10/11/2024,V
D7421166,6/25/2022,I
S8536324,6/25/2034,V
P1904844,2/14/2023,I
W5996206,9/28/2026,V
P8514204,9/3/2032,V
F5228286,6/29/2023,V
X4053988,1/23/2026,V
D1678174,6/21/2032,V
T3888961,11/14/2025,V
X9941195,4/14/2028,V
W7510778,11/23/2026,V
O1081635,3/26/2024,V
H4037446,3/4/2030,V
C9185914,12/26/2023,V
C7494097,4/22/2027,V
O5695631,8/18/2034,V
Z9875654,5/10/2031,V
D1821291,2/25/2025,V
H1929771,1/9/2026,V
R1924336,10/22/2030,V
A9039349,1/30/2029,V
A1108982,3/2/2023,I
N2393912,9/22/2031,V
A8080630,4/7/2030,V
I3828091,5/8/2033,V
N1176376,6/16/2029,V
O5384779,11/6/2034,V
W7687714,11/26/2035,V
B1500949,1/14/2030,V
U1934515,4/8/2031,V
J2711776,11/15/2031,V
A5817365,11/23/2021,I
K5126817,9/25/2024,V
O7426058,8/27/2035,V
T8911453,3/2/2023,I
S2736235,5/11/2032,V
O7754203,10/6/2035,V
Y3485890,6/16/2030,V
T4339612,3/3/2021,I
B6105994,2/29/2024,V
X1244909,7/13/2029,V
Q3539053,5/29/2024,V
O3964164,4/11/2031,V
R3359953,10/16/2031,V
B6295701,8/28/2025,V
V6809540,4/23/2026,V
S3634109,6/8/2026,V
X2543932,11/23/2035,V
T3972445,11/29/2022,I
H4856825,4/13/2022,I
B9128934,12/18/2022,I
Z4889140,3/8/2027,V
Y2149906,8/16/2023,V
K9699103,10/14/2026,V
Z3733630,5/31/2033,V
V2606754,3/23/2023,I
I2761210,6/3/2028,V
F6529408,5/19/2035,V
V7294481,3/24/2025,V
P7536757,5/10/2031,V
R4996979,10/29/2024,V
C6651173,8/9/2031,V
W7190449,3/4/2028,V
I6359589,7/6/2023,V
T7533939,11/7/2022,I
G6523432,11/11/2021,I
C1155939,9/17/2021,I
J5934888,9/19/2029,V
N9314711,11/13/2035,V
G9259117,10/14/2028,V
N6345862,5/10/2030,V
S6405511,12/6/2024,V
W4255890,11/23/2030,V
Q6307767,10/19/2029,V
D2352323,4/19/2024,V
H5542845,12/31/2029,V
Z4883174,5/25/2029,V
W8162447,8/7/2033,V
P7720348,4/26/2028,V
K8710622,11/18/2021,I
M1146707,2/22/2032,V
T5202617,9/12/2021,I
O1784228,3/3/2027,V
E9480178,6/14/2030,V
B5033675,6/22/2024,V
Q5209971,8/31/2022,I
G9937859,10/28/2029,V
Y4647065,3/10/2035,V
Z4091136,12/4/2033,V
F5904388,6/12/2024,V
N6852997,8/3/2034,V
Q6720899,6/17/2025,V
J3864631,11/26/2025,V
A8611065,3/21/2030,V
C2338781,3/17/2022,I
R7546507,8/25/2021,I
H2150977,9/2/2034,V
Z5080600,7/22/2026,V
C5596232,2/11/2025,V
Z4557640,10/10/2023,V
Q1052491,2/10/2027,V
P4064672,10/16/2034,V
E3712836,1/4/2034,V
D7607508,10/17/2031,V
J7711709,9/17/2028,V
H9970239,6/16/2025,V
I7114965,2/9/2031,V
P6486579,5/26/2027,V
Z8757561,8/2/2030,V
S7700508,9/12/2022,I
I8165438,6/23/2035,V
E5160831,12/3/2023,V
U6359704,9/30/2032,V
K4577503,2/18/2035,V
V7462581,2/2/2032,V
A5669571,2/20/2028,V
K9352188,4/19/2028,V
I7756699,3/2/2029,V
F5951158,9/20/2028,V
N5741621,8/8/2031,V
Z8699881,9/1/2031,V
V4020671,8/11/2023,V
U8404774,9/20/2028,V
W4001413,6/20/2028,V
Q2493843,6/12/2024,V
S1828747,10/31/2023,V
G9711785,4/8/2032,V
T6792537,2/26/2035,V
V2033156,4/29/2032,V
I2413087,7/22/2034,V
C2990539,11/2/2031,V
A2656060,4/13/2033,V
A3209443,3/19/2030,V
P8440406,11/12/2027,V
S7902202,6/16/2032,V
K6488462,12/30/2030,V
W9520454,6/7/2026,V
G4951829,3/8/2022,I
I7406743,12/4/2028,V
Z8278779,6/9/2029,V
V2291976,4/20/2021,I
R1315459,3/10/2031,V
Z4429284,6/14/2032,V
K3171435,9/13/2022,I
B4422708,5/11/2025,V
C2258795,8/11/2034,V
A4111619,10/2/2033,V
G1614569,2/15/2028,V
K9707244,4/18/2030,V
T1297465,8/4/2031,V
K3367852,6/20/2031,V
K8497755,1/13/2028,V
S5956237,12/6/2031,V
K8502721,6/10/2029,V
X3586539,7/10/2032,V
I8432511,10/25/2029,V
N2776743,12/12/2033,V
N8029254,12/21/2028,V
N4621143,7/8/2026,V
P3885445,6/22/2026,V
H9675287,8/12/2026,V
G8608609,9/16/2034,V
P7910113,11/3/2032,V
O5793311,11/26/2035,V
Y3768343,7/3/2027,V
H8258886,3/6/2026,V
H5575761,3/20/2022,I
O6340431,7/21/2025,V
H3288104,1/5/2023,I
I5030961,11/27/2029,V
V4524782,5/2/2024,V
U4251579,9/11/2021,I
R3147597,4/16/2034,V
A1857837,3/2/2031,V
L7582346,8/26/2031,V
I5058635,4/17/2033,V
F9779385,3/3/2026,V
O7036668,4/4/2033,V
T4455669,10/6/2027,V
K5515141,1/12/2024,V
C8092994,5/28/2024,V
Z2171889,5/20/2021,I
H2413797,8/3/2032,V
C9282030,5/7/2032,V
C5283723,9/6/2028,V
F1425062,8/5/2028,V
A2153530,2/10/2025,V
C8481477,9/20/2029,V
W3337636,10/23/2023,V
I7548608,1/4/2027,V
J8684030,4/16/2023,V
L6477643,5/1/2029,V
B3899433,4/20/2024,V
G9072804,10/4/2024,V
G6773734,2/28/2033,V
J2703766,8/21/2024,V
B9734546,10/12/2034,V
L8378203,2/21/2030,V
C8917681,4/9/2026,V
R5593398,6/12/2033,V
W7559294,5/6/2035,V
Z7610051,1/21/2026,V
M5800634,4/16/2026,V
U6171428,1/28/2023,I
U6879836,2/18/2022,I
Q1831123,12/1/2034,V
X7229677,12/28/2035,V
M1077394,8/13/2032,V
N5058062,1/22/2031,V
D6419459,5/16/2030,V
Y9317466,2/3/2022,I
H6122173,3/26/2025,V
E6422829,5/28/2035,V
D9904520,1/27/2022,I
J6066969,4/22/2022,I
L9298511,1/20/2035,V
D1384358,3/14/2035,V
X6738011,3/12/2031,V
U3483816,11/14/2032,V
T6891516,3/21/2027,V
A6996253,6/4/2035,V
V1592979,1/21/2025,V
D9988590,8/9/2022,I
A4386461,11/26/2025,V
E7347702,6/17/2024,V
X6560984,5/19/2033,V
U1377621,9/2/2028,V
D7639268,12/5/2028,V
I7945754,10/1/2034,V
A7177694,1/20/2034,V
S5768977,8/25/2022,I
C2986508,1/23/2028,V
Z1080466,1/9/2033,V
R4354886,4/28/2035,V
K6932657,8/13/2029,V
S6532899,5/14/2031,V
I5411480,3/11/2032,V
X8354340,7/16/2031,V
W2560284,9/9/2024,V
X6956698,3/17/2029,V
P6325451,11/20/2022,I
P6756829,5/8/2035,V
F3611991,8/10/2030,V
S9515660,12/5/2026,V
A1760513,3/14/2030,V
P4258603,4/1/2034,V
Q2587071,3/12/2021,I
C4181788,2/1/2026,V
B2189240,3/28/2031,V
M6903935,7/28/2035,V
Q2845461,7/2/2022,I
L5052417,10/21/2032,V
T3866442,8/1/2024,V
P2050749,7/12/2029,V
N6628925,9/16/2032,V
T5853525,2/13/2025,V
E5767154,2/21/2033,V
N1688823,9/28/2021,I
J4250542,11/14/2035,V
G1688448,12/11/2023,V
K7489116,8/13/2021,I
N7855409,6/6/2023,V
E8689288,5/9/2022,I
Y3043902,10/11/2027,V
J2997519,8/25/2023,V
J9131793,12/5/2023,V
E8416165,10/11/2025,V
M2057869,7/26/2023,V
Y3429312,6/16/2031,V
Q6253875,2/12/2031,V
S7356656,12/2/2030,V
R1822243,11/4/2022,I
N4748092,6/4/2025,V
Y6214598,5/24/2023,V
P5817836,3/19/2029,V
H4301479,4/11/2029,V
Z1837841,4/1/2033,V
J4520989,3/3/2034,V
U7107520,11/19/2025,V
S1344821,2/5/2022,I
A7556948,6/29/2024,V
L7453613,3/31/2033,V
U9856287,7/8/2027,V
P6198934,1/4/2035,V
N6392416,3/18/2028,V
E3804347,3/7/2033,V
E4516449,9/20/2023,V
M3506100,11/14/2033,V
R6249656,6/12/2024,V
N9761157,4/18/2022,I
N8175108,4/26/2029,V
S1233582,6/21/2021,I
T2247536,7/7/2022,I
B6529231,12/14/2021,I
F2494574,9/15/2031,V
L2623517,10/11/2035,V
O2573258,9/7/2029,V
S3440032,2/20/2024,V
A2342725,3/28/2022,I
O5800040,10/5/2031,V
F7882050,6/17/2021,I
F2101609,2/7/2024,V
H4560339,3/13/2031,V
V2316280,10/3/2031,V
Q2755560,5/2/2025,V
F9858683,7/13/2030,V
D4503540,3/14/2033,V
L2237559,10/18/2031,V
N7852531,7/27/2031,V
V9641983,6/12/2032,V
W9344995,6/28/2023,V
I4079707,8/21/2031,V
A7116375,4/7/2030,V
F8008938,7/24/2026,V
V7694643,3/5/2035,V
R5357074,7/24/2034,V
U1049061,2/13/2034,V
K3453989,1/22/2034,V
D8624808,5/25/2025,V
C1867100,6/14/2022,I
D9652671,5/30/2024,V
U5234332,7/6/2028,V
T8988620,11/14/2026,V
O7998996,3/9/2033,V
D9000426,10/1/2023,V
Y1222594,9/30/2035,V
T6903299,12/12/2025,V
Q4581497,5/30/2025,V
V8816942,1/3/2033,V
G9168938,2/18/2022,I
G7096350,11/13/2032,V
H1333836,10/11/2022,I
Q2520699,8/11/2024,V
J7647890,4/26/2023,V
V7631561,7/23/2034,V
W7044340,2/4/2026,V
E5655899,7/19/2025,V
F4381094,8/28/2035,V
L2653576,6/24/2032,V
D2480220,8/27/2030,V
O5397263,6/10/2030,V
U3334648,10/24/2023,V
Y7115647,8/26/2028,V
B5184887,1/4/2021,I
W7296341,6/2/2022,I
E2396658,5/1/2034,V
Z2282793,4/23/2029,V
H7734756,8/3/2024,V
X8870787,7/17/2024,V
X9457009,6/23/2023,V
A7526593,2/16/2023,I
O7497823,11/23/2032,V
D1140483,2/18/2031,V
A2939551,6/7/2029,V
W5883079,3/3/2032,V
V8754910,9/5/2029,V
S5793780,5/17/2029,V
I1938735,1/14/2025,V
O3785194,4/9/2023,V
M4218382,6/4/2035,V
J1993009,4/21/2025,V
D2247373,1/2/2035,V
N4700355,12/1/2024,V
C4336487,10/17/2033,V
S6439158,10/31/2022,I
P4447483,4/14/2025,V
Q2132039,2/19/2035,V
T9857239,9/14/2029,V
O2960204,5/22/2032,V
L3715982,6/20/2030,V
Y5394483,6/11/2021,I
U9980567,4/6/2023,V
C9765857,9/3/2027,V
Y7543479,9/15/2022,I
X5824631,5/18/2021,I
Z4007518,9/23/2021,I
N1999614,5/21/2022,I
R6653990,8/11/2033,V
R8551094,10/4/2031,V
C9279076,7/5/2023,V
D3597246,1/2/2027,V
G5053406,1/1/2029,V
C1907340,3/4/2033,V
A2726522,4/8/2027,V
P6358910,8/14/2035,V
B9565284,7/8/2033,V
T3193777,12/5/2031,V
J8626290,11/17/2025,V
Q6264466,8/8/2029,V
V7631559,10/15/2035,V
E4777507,10/15/2025,V
O8581621,2/17/2032,V
H2938444,10/31/2024,V
A9677414,9/6/2029,V
M4808265,12/6/2027,V
T3237322,1/11/2022,I
H9423114,7/11/2031,V
C5446403,8/7/2030,V
X5037094,4/23/2033,V
N6630825,3/30/2023,I
Q7506854,1/7/2022,I
Q7697230,6/2/2028,V
O6654163,11/7/2030,V
I2780024,8/28/2034,V
I2797275,6/7/2030,V
D2024140,10/22/2022,I
H6699872,12/22/2030,V
Z7248600,1/14/2023,I
Q5816995,11/29/2030,V
U8898708,6/30/2028,V
C9338008,7/14/2033,V
S4015844,3/14/2034,V
O2206343,4/7/2035,V
O5191994,4/11/2027,V
H9940976,12/28/2026,V
V7816223,1/28/2033,V
C9733806,9/2/2025,V
E4659351,5/5/2024,V
M4099110,9/12/2028,V
C9161440,8/31/2028,V
C3897545,5/9/2034,V
R1379437,7/16/2024,V
F3272351,1/17/2034,V
X4753527,5/15/2035,V
V3622506,9/6/2029,V
N4237176,6/20/2031,V
R6408548,6/20/2026,V
V3097011,12/28/2035,V
L6380250,2/1/2031,V
O3134511,1/2/2021,I
R9201821,9/1/2034,V
U2005289,9/29/2032,V
Z5026239,6/15/2024,V
A4017217,3/2/2026,V
Q4658868,7/24/2027,V
P1547443,10/2/2021,I
V2411512,2/23/2033,V
Y1430665,12/20/2031,V
V6633258,10/9/2029,V
Z3881491,8/11/2021,I
B6620889,10/13/2028,V
G4160765,1/18/2026,V
T1732219,10/12/2028,V
C6875295,12/28/2021,I
N5730359,8/7/2023,V
K9755151,2/20/2025,V
P6607777,11/11/2032,V
D7025272,4/21/2024,V
B2914856,12/3/2024,V
Z8850662,3/13/2033,V
A8675489,12/6/2027,V
C1454278,7/30/2031,V
S2560081,6/23/2031,V
P7811323,2/13/2027,V
R1180504,4/16/2030,V
I2758223,4/14/2031,V
P7509506,12/13/2034,V
I2559061,5/14/2025,V
M5005904,1/11/2021,I
H3978358,11/2/2033,V
P5608576,1/2/2034,V
J8002777,5/8/2021,I
S2344780,4/28/2031,V
B9175420,12/30/2028,V
R6268274,10/20/2028,V
J4491573,8/11/2034,V
A1556669,5/31/2028,V
E9793930,7/30/2024,V
M3960681,2/19/2024,V
Y4880903,1/6/2032,V
I5622743,2/18/2030,V
R3491883,2/12/2035,V
R7368813,11/5/2034,V
V5293790,1/28/2022,I
P8385285,6/19/2033,V
L6649326,4/14/2024,V
Q5480209,11/23/2024,V
O1695004,10/1/2034,V
J4112974,7/27/2032,V
D8366996,2/28/2035,V
U3103194,6/20/2030,V
J3869926,7/2/2021,I
Q7236670,7/2/2031,V
V6891611,3/31/2022,I
W6785063,11/13/2023,V
K5422752,8/10/2031,V
G1634912,3/29/2028,V
A7833615,8/25/2034,V
I5270290,8/21/2034,V
N8287775,2/19/2025,V
C3705364,4/4/2025,V
S7693818,12/20/2033,V
M6824730,8/5/2023,V
C1699887,7/1/2028,V
L9318374,1/14/2027,V
J3767287,3/26/2030,V
S8224167,1/16/2032,V
X1537663,4/18/2033,V
B1418685,9/23/2031,V
L4527693,9/25/2028,V
H3053300,2/16/2029,V
V4183591,12/29/2031,V
J9247502,3/31/2025,V
F2048926,9/5/2021,I
M6853541,1/7/2023,I
T9381346,8/30/2029,V
E3869613,12/25/2024,V
D3012528,12/27/2028,V
S8947685,2/6/2025,V
O5845201,5/4/2032,V
R2580276,3/10/2028,V
S1804195,6/6/2023,V
A5955219,7/18/2029,V
W3687687,10/28/2023,V
P2876364,3/31/2031,V
F4889516,5/18/2030,V
K9707859,5/26/2031,V
T4751946,4/5/2025,V
B6277059,7/25/2023,V
Y8722469,3/24/2033,V
T3329167,6/1/2022,I
H4144397,11/15/2030,V
F7708445,12/22/2035,V
R9545502,11/5/2034,V
A9033845,11/17/2029,V
T1434643,9/23/2035,V
I6698066,9/14/2031,V
H4263618,10/10/2029,V
